{"metadata": {"dbt_schema_version": "https://schemas.getdbt.com/dbt/catalog/v1.json", "dbt_version": "1.9.1", "generated_at": "2025-01-19T00:40:20.061586Z", "invocation_id": "7a168435-2cca-44e9-895a-40e59f064066", "env": {}}, "nodes": {"model.dwh_sm2.fact": {"metadata": {"type": "VIEW", "schema": "main", "name": "fact", "database": "dwh_sm2", "comment": null, "owner": null}, "columns": {"time": {"type": "TIMESTAMP", "index": 1, "name": "time", "comment": null}, "location": {"type": "VARCHAR", "index": 2, "name": "location", "comment": null}, "data_key": {"type": "VARCHAR", "index": 3, "name": "data_key", "comment": null}, "data_value": {"type": "DOUBLE", "index": 4, "name": "data_value", "comment": null}}, "stats": {"has_stats": {"id": "has_stats", "label": "Has Stats?", "value": false, "include": false, "description": "Indicates whether there are statistics for this table"}}, "unique_id": "model.dwh_sm2.fact"}}, "sources": {}, "errors": null}