{"_invocation_id": "392fbe97-85d3-4994-8f38-27431e0c5e9a", "linked": {"0": {"name": "source.dwh_sm2.csv_google.fact_original", "type": "source", "succ": [10]}, "1": {"name": "source.dwh_sm2.csv_google.sm2_01", "type": "source", "succ": [10]}, "2": {"name": "source.dwh_sm2.csv_google.sm2_02", "type": "source", "succ": [10]}, "3": {"name": "source.dwh_sm2.csv_google.sm2_03", "type": "source", "succ": [10]}, "4": {"name": "source.dwh_sm2.csv_google.sm2_04", "type": "source", "succ": [10]}, "5": {"name": "source.dwh_sm2.csv_google.sm2_05", "type": "source", "succ": [10]}, "6": {"name": "source.dwh_sm2.csv_google.sm2_06", "type": "source", "succ": [10]}, "7": {"name": "source.dwh_sm2.csv_google.sm2_07", "type": "source", "succ": [10]}, "8": {"name": "source.dwh_sm2.csv_google.sm2_08", "type": "source", "succ": [10]}, "9": {"name": "source.dwh_sm2.csv_google.sm2_09", "type": "source", "succ": [10]}, "10": {"name": "model.dwh_sm2.fact", "type": "model", "succ": [11]}, "11": {"name": "test.dwh_sm2.not_null_fact_time.2257553dfe", "type": "test"}}}