{"metadata": {"dbt_schema_version": "https://schemas.getdbt.com/dbt/run-results/v6.json", "dbt_version": "1.9.1", "generated_at": "2025-01-19T00:40:19.900035Z", "invocation_id": "7a168435-2cca-44e9-895a-40e59f064066", "env": {}}, "results": [{"status": "success", "timing": [{"name": "compile", "started_at": "2025-01-19T00:40:19.872170Z", "completed_at": "2025-01-19T00:40:19.882268Z"}, {"name": "execute", "started_at": "2025-01-19T00:40:19.882753Z", "completed_at": "2025-01-19T00:40:19.882766Z"}], "thread_id": "Thread-1 (worker)", "execution_time": 0.011632919311523438, "adapter_response": {}, "message": null, "failures": null, "unique_id": "model.dwh_sm2.fact", "compiled": true, "compiled_code": "with source as (\n    select 'sm2_01' as location, sm2_01.* from read_csv('./gdrive/sm2_01.csv') as sm2_01\n    union all\n    select 'sm2_02' as location, sm2_02.* from read_csv('./gdrive/sm2_02.csv') as sm2_02\n    union all\n    select 'sm2_03' as location, sm2_03.* from read_csv('./gdrive/sm2_03.csv') as sm2_03\n    union all\n    select 'sm2_04' as location, sm2_04.* from read_csv('./gdrive/sm2_04.csv') as sm2_04\n    union all\n    select 'sm2_05' as location, sm2_05.* from read_csv('./gdrive/sm2_05.csv')as  sm2_05\n    union all\n    select 'sm2_06' as location, sm2_06.* from read_csv('./gdrive/sm2_06.csv') as sm2_06\n    union all\n    select 'sm2_07' as location, sm2_07.* from read_csv('./gdrive/sm2_07.csv') as sm2_07\n    union all\n    select 'sm2_08' as location, sm2_08.* from read_csv('./gdrive/sm2_08.csv') as sm2_08\n    union all\n    select 'sm2_09' as location, sm2_09.* from read_csv('./gdrive/sm2_09.csv') as sm2_09\n),\nunpivoted as (\n    select Date as time, location, 'temp_ambient' as data_key, venkov as data_value from source\n    union all\n    select Date as time, location, 'temp_intake' as data_key, sani as data_value from source\n    union all\n    select Date as time, location, 'temp_indoor' as data_key, odvod as data_value from source\n    union all\n    select Date as time, location, 'temp_fresh' as data_key, privod as data_value from source\n    union all\n    select Date as time, location, 'temp_waste' as data_key, vyfuk as data_value from source\n),\nfinal as (\n    select \n        time, --strptime(time, '%d.%m.%Y %H:%M:%S') as time, \n        location, \n        data_key, \n        cast(replace(data_value,',','.') as decimal) as data_value \n    from unpivoted\n    union\n    select * from read_csv('./gdrive/fact.csv')\n)\n\nselect * from final", "relation_name": "\"dwh_sm2\".\"main\".\"fact\"", "batch_results": null}, {"status": "success", "timing": [{"name": "compile", "started_at": "2025-01-19T00:40:19.885282Z", "completed_at": "2025-01-19T00:40:19.896132Z"}, {"name": "execute", "started_at": "2025-01-19T00:40:19.896583Z", "completed_at": "2025-01-19T00:40:19.896591Z"}], "thread_id": "Thread-3 (worker)", "execution_time": 0.012475967407226562, "adapter_response": {}, "message": null, "failures": null, "unique_id": "test.dwh_sm2.not_null_fact_time.2257553dfe", "compiled": true, "compiled_code": "\n    \n    \n\n\n\nselect time\nfrom \"dwh_sm2\".\"main\".\"fact\"\nwhere time is null\n\n\n", "relation_name": null, "batch_results": null}], "elapsed_time": 0.09333920478820801, "args": {"require_yaml_configuration_for_mf_time_spines": false, "print": true, "send_anonymous_usage_stats": true, "macro_debugging": false, "partial_parse": true, "static": false, "skip_nodes_if_on_run_start_fails": false, "select": [], "favor_state": false, "profiles_dir": "./", "require_nested_cumulative_type_params": false, "version_check": true, "log_path": "/home/runner/work/dwh-sm2/dwh-sm2/logs", "cache_selected_only": false, "show_resource_report": false, "log_format": "default", "use_colors": true, "write_json": true, "source_freshness_run_project_hooks": false, "require_explicit_package_overrides_for_builtin_materializations": true, "log_level": "info", "warn_error_options": {"include": [], "exclude": []}, "defer": false, "partial_parse_file_diff": true, "log_format_file": "debug", "state_modified_compare_more_unrendered_values": false, "require_batched_execution_for_custom_microbatch_strategy": false, "indirect_selection": "eager", "log_level_file": "debug", "invocation_command": "dbt docs generate", "empty_catalog": false, "require_resource_names_without_spaces": false, "vars": {}, "printer_width": 80, "project_dir": "/home/runner/work/dwh-sm2/dwh-sm2", "populate_cache": true, "log_file_max_bytes": 10485760, "which": "generate", "state_modified_compare_vars": false, "compile": true, "quiet": false, "static_parser": true, "strict_mode": false, "exclude": [], "use_colors_file": true, "introspect": true}}