{"metadata": {"dbt_schema_version": "https://schemas.getdbt.com/dbt/sources/v3.json", "dbt_version": "1.9.1", "generated_at": "2025-01-19T01:09:16.119853Z", "invocation_id": "9b7d3197-f34a-4892-a0f5-89a217156cf2", "env": {}}, "results": [{"unique_id": "source.dwh_sm2.csv_google.sm2_01", "max_loaded_at": "2024-11-29T07:00:00+00:00", "snapshotted_at": "2025-01-19T01:09:15.914000+00:00", "max_loaded_at_time_ago_in_s": 4385355.914, "status": "pass", "criteria": {"warn_after": {"count": 365, "period": "day"}, "error_after": {"count": null, "period": null}, "filter": null}, "adapter_response": {"_message": "OK"}, "timing": [{"name": "compile", "started_at": "2025-01-19T01:09:15.825738Z", "completed_at": "2025-01-19T01:09:15.825743Z"}, {"name": "execute", "started_at": "2025-01-19T01:09:15.830012Z", "completed_at": "2025-01-19T01:09:15.962538Z"}], "thread_id": "Thread-1 (worker)", "execution_time": 0.1462869644165039}, {"unique_id": "source.dwh_sm2.csv_google.sm2_06", "max_loaded_at": "2024-11-29T07:00:00+00:00", "snapshotted_at": "2025-01-19T01:09:15.989000+00:00", "max_loaded_at_time_ago_in_s": 4385355.989, "status": "pass", "criteria": {"warn_after": {"count": 365, "period": "day"}, "error_after": {"count": null, "period": null}, "filter": null}, "adapter_response": {"_message": "OK"}, "timing": [{"name": "compile", "started_at": "2025-01-19T01:09:15.833693Z", "completed_at": "2025-01-19T01:09:15.833699Z"}, {"name": "execute", "started_at": "2025-01-19T01:09:15.838054Z", "completed_at": "2025-01-19T01:09:16.039298Z"}], "thread_id": "Thread-6 (worker)", "execution_time": 0.21473073959350586}, {"unique_id": "source.dwh_sm2.csv_google.sm2_03", "max_loaded_at": "2024-11-29T07:00:00+00:00", "snapshotted_at": "2025-01-19T01:09:15.969000+00:00", "max_loaded_at_time_ago_in_s": 4385355.969, "status": "pass", "criteria": {"warn_after": {"count": 365, "period": "day"}, "error_after": {"count": null, "period": null}, "filter": null}, "adapter_response": {"_message": "OK"}, "timing": [{"name": "compile", "started_at": "2025-01-19T01:09:15.828652Z", "completed_at": "2025-01-19T01:09:15.828657Z"}, {"name": "execute", "started_at": "2025-01-19T01:09:15.833094Z", "completed_at": "2025-01-19T01:09:16.045902Z"}], "thread_id": "Thread-3 (worker)", "execution_time": 0.22648406028747559}, {"unique_id": "source.dwh_sm2.csv_google.sm2_04", "max_loaded_at": "2024-11-29T07:00:00+00:00", "snapshotted_at": "2025-01-19T01:09:15.985000+00:00", "max_loaded_at_time_ago_in_s": 4385355.985, "status": "pass", "criteria": {"warn_after": {"count": 365, "period": "day"}, "error_after": {"count": null, "period": null}, "filter": null}, "adapter_response": {"_message": "OK"}, "timing": [{"name": "compile", "started_at": "2025-01-19T01:09:15.832184Z", "completed_at": "2025-01-19T01:09:15.832187Z"}, {"name": "execute", "started_at": "2025-01-19T01:09:15.836398Z", "completed_at": "2025-01-19T01:09:16.068298Z"}], "thread_id": "Thread-4 (worker)", "execution_time": 0.24522924423217773}, {"unique_id": "source.dwh_sm2.csv_google.sm2_02", "max_loaded_at": "2024-11-29T07:00:00+00:00", "snapshotted_at": "2025-01-19T01:09:15.981000+00:00", "max_loaded_at_time_ago_in_s": 4385355.981, "status": "pass", "criteria": {"warn_after": {"count": 365, "period": "day"}, "error_after": {"count": null, "period": null}, "filter": null}, "adapter_response": {"_message": "OK"}, "timing": [{"name": "compile", "started_at": "2025-01-19T01:09:15.827245Z", "completed_at": "2025-01-19T01:09:15.827251Z"}, {"name": "execute", "started_at": "2025-01-19T01:09:15.831559Z", "completed_at": "2025-01-19T01:09:16.078619Z"}], "thread_id": "Thread-2 (worker)", "execution_time": 0.2608664035797119}, {"unique_id": "source.dwh_sm2.csv_google.sm2_08", "max_loaded_at": "2024-11-29T07:00:00+00:00", "snapshotted_at": "2025-01-19T01:09:15.991000+00:00", "max_loaded_at_time_ago_in_s": 4385355.991, "status": "pass", "criteria": {"warn_after": {"count": 365, "period": "day"}, "error_after": {"count": null, "period": null}, "filter": null}, "adapter_response": {"_message": "OK"}, "timing": [{"name": "compile", "started_at": "2025-01-19T01:09:15.835036Z", "completed_at": "2025-01-19T01:09:15.835040Z"}, {"name": "execute", "started_at": "2025-01-19T01:09:15.839663Z", "completed_at": "2025-01-19T01:09:16.083519Z"}], "thread_id": "Thread-8 (worker)", "execution_time": 0.2574315071105957}, {"unique_id": "source.dwh_sm2.csv_google.sm2_05", "max_loaded_at": "2024-11-29T07:00:00+00:00", "snapshotted_at": "2025-01-19T01:09:16.035000+00:00", "max_loaded_at_time_ago_in_s": 4385356.035, "status": "pass", "criteria": {"warn_after": {"count": 365, "period": "day"}, "error_after": {"count": null, "period": null}, "filter": null}, "adapter_response": {"_message": "OK"}, "timing": [{"name": "compile", "started_at": "2025-01-19T01:09:15.832618Z", "completed_at": "2025-01-19T01:09:15.832623Z"}, {"name": "execute", "started_at": "2025-01-19T01:09:15.837000Z", "completed_at": "2025-01-19T01:09:16.091928Z"}], "thread_id": "Thread-5 (worker)", "execution_time": 0.26834869384765625}, {"unique_id": "source.dwh_sm2.csv_google.sm2_07", "max_loaded_at": "2024-11-29T07:00:00+00:00", "snapshotted_at": "2025-01-19T01:09:16.038000+00:00", "max_loaded_at_time_ago_in_s": 4385356.038, "status": "pass", "criteria": {"warn_after": {"count": 365, "period": "day"}, "error_after": {"count": null, "period": null}, "filter": null}, "adapter_response": {"_message": "OK"}, "timing": [{"name": "compile", "started_at": "2025-01-19T01:09:15.834146Z", "completed_at": "2025-01-19T01:09:15.834150Z"}, {"name": "execute", "started_at": "2025-01-19T01:09:15.838638Z", "completed_at": "2025-01-19T01:09:16.099359Z"}], "thread_id": "Thread-7 (worker)", "execution_time": 0.2742290496826172}, {"unique_id": "source.dwh_sm2.csv_google.sm2_09", "max_loaded_at": "2024-11-29T07:00:00+00:00", "snapshotted_at": "2025-01-19T01:09:16.049000+00:00", "max_loaded_at_time_ago_in_s": 4385356.049, "status": "pass", "criteria": {"warn_after": {"count": 365, "period": "day"}, "error_after": {"count": null, "period": null}, "filter": null}, "adapter_response": {"_message": "OK"}, "timing": [{"name": "compile", "started_at": "2025-01-19T01:09:15.835474Z", "completed_at": "2025-01-19T01:09:15.835478Z"}, {"name": "execute", "started_at": "2025-01-19T01:09:15.840272Z", "completed_at": "2025-01-19T01:09:16.103243Z"}], "thread_id": "Thread-9 (worker)", "execution_time": 0.27657604217529297}], "elapsed_time": 0.547088623046875}