{"metadata": {"dbt_schema_version": "https://schemas.getdbt.com/dbt/sources/v3.json", "dbt_version": "1.9.1", "generated_at": "2025-01-19T00:40:11.666987Z", "invocation_id": "3e6e5d58-31b0-4837-920f-eb10fe1c101e", "env": {}}, "results": [{"unique_id": "source.dwh_sm2.csv_google.sm2_07", "max_loaded_at": "2024-11-29T07:00:00+00:00", "snapshotted_at": "2025-01-19T00:40:11.480000+00:00", "max_loaded_at_time_ago_in_s": 4383611.48, "status": "pass", "criteria": {"warn_after": {"count": 365, "period": "day"}, "error_after": {"count": null, "period": null}, "filter": null}, "adapter_response": {"_message": "OK"}, "timing": [{"name": "compile", "started_at": "2025-01-19T00:40:11.376821Z", "completed_at": "2025-01-19T00:40:11.376825Z"}, {"name": "execute", "started_at": "2025-01-19T00:40:11.381093Z", "completed_at": "2025-01-19T00:40:11.541941Z"}], "thread_id": "Thread-7 (worker)", "execution_time": 0.1737680435180664}, {"unique_id": "source.dwh_sm2.csv_google.sm2_03", "max_loaded_at": "2024-11-29T07:00:00+00:00", "snapshotted_at": "2025-01-19T00:40:11.479000+00:00", "max_loaded_at_time_ago_in_s": 4383611.479, "status": "pass", "criteria": {"warn_after": {"count": 365, "period": "day"}, "error_after": {"count": null, "period": null}, "filter": null}, "adapter_response": {"_message": "OK"}, "timing": [{"name": "compile", "started_at": "2025-01-19T00:40:11.372177Z", "completed_at": "2025-01-19T00:40:11.372180Z"}, {"name": "execute", "started_at": "2025-01-19T00:40:11.376227Z", "completed_at": "2025-01-19T00:40:11.544493Z"}], "thread_id": "Thread-3 (worker)", "execution_time": 0.1813507080078125}, {"unique_id": "source.dwh_sm2.csv_google.sm2_02", "max_loaded_at": "2024-11-29T07:00:00+00:00", "snapshotted_at": "2025-01-19T00:40:11.509000+00:00", "max_loaded_at_time_ago_in_s": 4383611.509, "status": "pass", "criteria": {"warn_after": {"count": 365, "period": "day"}, "error_after": {"count": null, "period": null}, "filter": null}, "adapter_response": {"_message": "OK"}, "timing": [{"name": "compile", "started_at": "2025-01-19T00:40:11.368831Z", "completed_at": "2025-01-19T00:40:11.368835Z"}, {"name": "execute", "started_at": "2025-01-19T00:40:11.373056Z", "completed_at": "2025-01-19T00:40:11.573603Z"}], "thread_id": "Thread-2 (worker)", "execution_time": 0.21396565437316895}, {"unique_id": "source.dwh_sm2.csv_google.sm2_04", "max_loaded_at": "2024-11-29T07:00:00+00:00", "snapshotted_at": "2025-01-19T00:40:11.518000+00:00", "max_loaded_at_time_ago_in_s": 4383611.518, "status": "pass", "criteria": {"warn_after": {"count": 365, "period": "day"}, "error_after": {"count": null, "period": null}, "filter": null}, "adapter_response": {"_message": "OK"}, "timing": [{"name": "compile", "started_at": "2025-01-19T00:40:11.374501Z", "completed_at": "2025-01-19T00:40:11.374504Z"}, {"name": "execute", "started_at": "2025-01-19T00:40:11.378534Z", "completed_at": "2025-01-19T00:40:11.578151Z"}], "thread_id": "Thread-4 (worker)", "execution_time": 0.2123713493347168}, {"unique_id": "source.dwh_sm2.csv_google.sm2_09", "max_loaded_at": "2024-11-29T07:00:00+00:00", "snapshotted_at": "2025-01-19T00:40:11.580000+00:00", "max_loaded_at_time_ago_in_s": 4383611.58, "status": "pass", "criteria": {"warn_after": {"count": 365, "period": "day"}, "error_after": {"count": null, "period": null}, "filter": null}, "adapter_response": {"_message": "OK"}, "timing": [{"name": "compile", "started_at": "2025-01-19T00:40:11.378111Z", "completed_at": "2025-01-19T00:40:11.378115Z"}, {"name": "execute", "started_at": "2025-01-19T00:40:11.382630Z", "completed_at": "2025-01-19T00:40:11.632452Z"}], "thread_id": "Thread-9 (worker)", "execution_time": 0.2627685070037842}, {"unique_id": "source.dwh_sm2.csv_google.sm2_01", "max_loaded_at": "2024-11-29T07:00:00+00:00", "snapshotted_at": "2025-01-19T00:40:11.583000+00:00", "max_loaded_at_time_ago_in_s": 4383611.583, "status": "pass", "criteria": {"warn_after": {"count": 365, "period": "day"}, "error_after": {"count": null, "period": null}, "filter": null}, "adapter_response": {"_message": "OK"}, "timing": [{"name": "compile", "started_at": "2025-01-19T00:40:11.366384Z", "completed_at": "2025-01-19T00:40:11.366389Z"}, {"name": "execute", "started_at": "2025-01-19T00:40:11.370717Z", "completed_at": "2025-01-19T00:40:11.633368Z"}], "thread_id": "Thread-1 (worker)", "execution_time": 0.27623510360717773}, {"unique_id": "source.dwh_sm2.csv_google.sm2_05", "max_loaded_at": "2024-11-29T07:00:00+00:00", "snapshotted_at": "2025-01-19T00:40:11.575000+00:00", "max_loaded_at_time_ago_in_s": 4383611.575, "status": "pass", "criteria": {"warn_after": {"count": 365, "period": "day"}, "error_after": {"count": null, "period": null}, "filter": null}, "adapter_response": {"_message": "OK"}, "timing": [{"name": "compile", "started_at": "2025-01-19T00:40:11.375354Z", "completed_at": "2025-01-19T00:40:11.375359Z"}, {"name": "execute", "started_at": "2025-01-19T00:40:11.379526Z", "completed_at": "2025-01-19T00:40:11.637902Z"}], "thread_id": "Thread-5 (worker)", "execution_time": 0.2711148262023926}, {"unique_id": "source.dwh_sm2.csv_google.sm2_08", "max_loaded_at": "2024-11-29T07:00:00+00:00", "snapshotted_at": "2025-01-19T00:40:11.585000+00:00", "max_loaded_at_time_ago_in_s": 4383611.585, "status": "pass", "criteria": {"warn_after": {"count": 365, "period": "day"}, "error_after": {"count": null, "period": null}, "filter": null}, "adapter_response": {"_message": "OK"}, "timing": [{"name": "compile", "started_at": "2025-01-19T00:40:11.377660Z", "completed_at": "2025-01-19T00:40:11.377663Z"}, {"name": "execute", "started_at": "2025-01-19T00:40:11.382077Z", "completed_at": "2025-01-19T00:40:11.643609Z"}], "thread_id": "Thread-8 (worker)", "execution_time": 0.27443957328796387}, {"unique_id": "source.dwh_sm2.csv_google.sm2_06", "max_loaded_at": "2024-11-29T07:00:00+00:00", "snapshotted_at": "2025-01-19T00:40:11.590000+00:00", "max_loaded_at_time_ago_in_s": 4383611.59, "status": "pass", "criteria": {"warn_after": {"count": 365, "period": "day"}, "error_after": {"count": null, "period": null}, "filter": null}, "adapter_response": {"_message": "OK"}, "timing": [{"name": "compile", "started_at": "2025-01-19T00:40:11.375817Z", "completed_at": "2025-01-19T00:40:11.375820Z"}, {"name": "execute", "started_at": "2025-01-19T00:40:11.380115Z", "completed_at": "2025-01-19T00:40:11.650312Z"}], "thread_id": "Thread-6 (worker)", "execution_time": 0.28301072120666504}], "elapsed_time": 0.535560131072998}