time,temp_ambient_sm2_01,temp_ambient_sm2_02,temp_ambient_sm2_03,temp_ambient_sm2_04,temp_ambient_sm2_05,temp_ambient_sm2_06,temp_ambient_sm2_07,temp_ambient_sm2_08,temp_ambient_sm2_09,temp_indoor_sm2_01,temp_indoor_sm2_02,temp_indoor_sm2_03,temp_indoor_sm2_04,temp_indoor_sm2_05,temp_indoor_sm2_06,temp_indoor_sm2_07,temp_indoor_sm2_08,temp_indoor_sm2_09,temp_intake_sm2_01,temp_intake_sm2_02,temp_intake_sm2_03,temp_intake_sm2_04,temp_intake_sm2_05,temp_intake_sm2_06,temp_intake_sm2_07,temp_intake_sm2_08,temp_intake_sm2_09
2024-06-28 00:00:00+02:00,22.0,22.0,22.0,22.0,22.0,22.0,22.0,22.0,22.0,28.8,28.3,28.8,28.6,27.8,27.9,27.6,27.7,27.6,22.6,20.8,20.8,20.8,21.1,21.0,21.6,20.9,20.8
2024-06-28 01:00:00+02:00,22.0,22.0,22.0,22.0,22.0,22.0,22.0,22.0,22.0,28.8,28.3,28.8,28.6,27.8,27.9,27.6,27.7,27.6,22.6,20.8,20.8,20.8,21.1,21.0,21.6,20.9,20.8
2024-06-28 02:00:00+02:00,22.0,22.0,22.0,22.0,22.0,22.0,22.0,22.0,22.0,28.8,28.3,28.8,28.6,27.8,27.9,27.6,27.7,27.6,22.6,20.8,20.8,20.8,21.1,21.0,21.6,20.9,20.8
2024-06-28 03:00:00+02:00,22.0,22.0,22.0,22.0,22.0,22.0,22.0,22.0,22.0,28.8,28.3,28.8,28.6,27.8,27.9,27.6,27.7,27.6,22.6,20.8,20.8,20.8,21.1,21.0,21.6,20.9,20.8
2024-06-28 04:00:00+02:00,22.0,22.0,22.0,22.0,22.0,22.0,22.0,22.0,22.0,28.8,28.3,28.8,28.6,27.8,27.9,27.6,27.7,27.6,22.6,20.8,20.8,20.8,21.1,21.0,21.6,20.9,20.8
2024-06-28 05:00:00+02:00,22.0,22.0,22.0,22.0,22.0,22.0,22.0,22.0,22.0,28.8,28.3,28.8,28.6,27.8,27.9,27.6,27.7,27.6,22.6,20.8,20.8,20.8,21.1,21.0,21.6,20.9,20.8
2024-06-28 06:00:00+02:00,22.0,22.0,22.0,22.0,22.0,22.0,22.0,22.0,22.0,28.8,28.3,28.8,28.6,27.8,27.9,27.6,27.7,27.6,22.6,20.8,20.8,20.8,21.1,21.0,21.6,20.9,20.8
2024-06-28 07:00:00+02:00,22.0,22.0,22.0,22.0,22.0,22.0,22.0,22.0,22.0,28.8,28.3,28.8,28.6,27.8,27.9,27.6,27.7,27.6,22.6,20.8,20.8,20.8,21.1,21.0,21.6,20.9,20.8
2024-06-28 08:00:00+02:00,22.0,22.0,22.0,22.0,22.0,22.0,22.0,22.0,22.0,28.8,28.3,28.8,28.6,27.8,27.9,27.6,27.7,27.6,22.6,20.8,20.8,20.8,21.1,21.0,21.6,20.9,20.8
2024-06-28 09:00:00+02:00,22.0,22.0,22.0,22.0,22.0,22.0,22.0,22.0,22.0,28.8,28.3,28.8,28.6,27.8,27.9,27.6,27.7,27.6,22.6,20.8,20.8,20.8,21.1,21.0,21.6,20.9,20.8
2024-06-28 10:00:00+02:00,22.0,22.0,22.0,22.0,22.0,22.0,22.0,22.0,22.0,28.8,28.3,28.8,28.6,27.8,27.9,27.6,27.7,27.6,22.6,20.8,20.8,20.8,21.1,21.0,21.6,20.9,20.8
2024-06-28 11:00:00+02:00,21.6,21.6,21.6,21.6,21.6,21.6,21.6,21.6,21.6,28.3,27.9,28.2,28.2,27.4,27.4,27.2,27.6,27.3,21.0,20.8,20.7,20.7,20.8,20.8,21.5,23.1,21.5
2024-06-28 12:00:00+02:00,23.7,23.7,23.7,23.7,23.7,23.7,23.7,23.7,23.7,28.9,28.2,28.5,28.6,27.8,27.8,27.5,28.0,27.7,23.9,22.6,22.8,22.8,22.8,22.6,23.4,26.1,24.7
2024-06-28 13:00:00+02:00,26.4,26.4,26.4,26.4,26.4,26.4,26.4,26.4,26.4,29.1,28.5,28.7,28.8,28.0,27.9,27.8,28.1,27.8,26.0,24.0,24.1,24.1,24.1,24.5,24.4,26.3,25.7
2024-06-28 14:00:00+02:00,28.1,28.1,28.1,28.1,28.1,28.1,28.1,28.1,28.1,29.3,28.7,28.8,29.0,28.1,28.1,28.0,28.2,28.0,27.0,25.3,25.3,25.4,25.3,25.5,25.5,27.0,26.5
2024-06-28 15:00:00+02:00,28.6,28.6,28.6,28.6,28.6,28.6,28.6,28.6,28.6,29.4,28.8,29.0,29.1,28.4,28.5,28.1,28.3,28.3,28.6,27.1,26.8,27.0,27.1,27.0,27.4,29.8,29.9
2024-06-28 16:00:00+02:00,29.5,29.5,29.5,29.5,29.5,29.5,29.4,29.4,29.4,29.3,29.2,29.1,29.3,28.6,28.8,28.4,28.4,28.3,29.9,29.1,28.0,28.1,28.0,27.5,28.2,29.5,30.1
2024-06-28 17:00:00+02:00,30.0,30.0,30.0,30.0,30.0,30.0,30.1,30.1,30.1,29.5,29.2,29.1,29.3,28.5,28.7,28.4,28.4,28.2,29.6,27.6,27.7,27.7,27.8,27.6,27.6,28.2,27.8
2024-06-28 18:00:00+02:00,28.4,28.4,28.4,28.4,28.4,28.4,28.4,28.4,28.4,29.4,29.2,29.1,29.1,28.0,28.5,28.3,28.3,28.1,28.9,26.5,26.6,26.7,26.6,26.4,26.4,26.8,26.6
2024-06-28 19:00:00+02:00,28.0,28.0,28.0,28.0,28.0,28.0,28.0,28.0,28.0,29.5,29.1,29.0,29.1,28.1,28.3,28.2,28.3,28.0,28.7,27.1,25.9,26.0,25.8,25.7,25.8,26.0,25.6
2024-06-28 20:00:00+02:00,28.7,28.7,28.7,28.7,28.7,28.7,28.8,28.8,28.8,29.7,29.2,29.1,29.2,28.2,28.3,28.3,28.4,28.1,29.0,27.0,26.6,26.7,26.5,26.4,26.3,26.6,26.1
2024-06-28 21:00:00+02:00,29.1,29.1,29.1,29.1,29.1,29.1,29.1,29.1,29.1,29.6,29.2,29.3,29.2,28.2,28.3,28.3,28.3,28.3,28.5,26.6,26.6,26.6,26.6,26.5,26.3,26.7,26.3
2024-06-28 22:00:00+02:00,29.1,29.1,29.1,29.1,29.1,29.1,29.1,29.1,29.1,29.5,29.2,29.3,29.3,28.3,28.4,28.4,28.5,28.3,28.1,27.0,27.4,27.5,27.0,26.6,26.7,26.8,26.3
2024-06-28 23:00:00+02:00,28.8,28.8,28.8,28.8,28.8,28.8,28.9,28.9,28.9,29.5,29.2,29.3,29.3,28.2,28.4,28.4,28.5,28.3,27.6,26.8,27.2,27.3,27.0,26.7,26.7,26.8,26.6
2024-06-29 00:00:00+02:00,28.8,28.8,28.8,28.8,28.8,28.8,28.9,28.9,28.9,29.5,29.2,29.3,29.3,28.2,28.4,28.4,28.5,28.3,27.6,26.8,27.2,27.3,27.0,26.7,26.7,26.8,26.6
2024-06-29 01:00:00+02:00,28.8,28.8,28.8,28.8,28.8,28.8,28.9,28.9,28.9,29.5,29.2,29.3,29.3,28.2,28.4,28.4,28.5,28.3,27.6,26.8,27.2,27.3,27.0,26.7,26.7,26.8,26.6
2024-06-29 02:00:00+02:00,28.8,28.8,28.8,28.8,28.8,28.8,28.9,28.9,28.9,29.5,29.2,29.3,29.3,28.2,28.4,28.4,28.5,28.3,27.6,26.8,27.2,27.3,27.0,26.7,26.7,26.8,26.6
2024-06-29 03:00:00+02:00,28.8,28.8,28.8,28.8,28.8,28.8,28.9,28.9,28.9,29.5,29.2,29.3,29.3,28.2,28.4,28.4,28.5,28.3,27.6,26.8,27.2,27.3,27.0,26.7,26.7,26.8,26.6
2024-06-29 04:00:00+02:00,28.8,28.8,28.8,28.8,28.8,28.8,28.9,28.9,28.9,29.5,29.2,29.3,29.3,28.2,28.4,28.4,28.5,28.3,27.6,26.8,27.2,27.3,27.0,26.7,26.7,26.8,26.6
2024-06-29 05:00:00+02:00,28.8,28.8,28.8,28.8,28.8,28.8,28.9,28.9,28.9,29.5,29.2,29.3,29.3,28.2,28.4,28.4,28.5,28.3,27.6,26.8,27.2,27.3,27.0,26.7,26.7,26.8,26.6
2024-06-29 06:00:00+02:00,28.8,28.8,28.8,28.8,28.8,28.8,28.9,28.9,28.9,29.5,29.2,29.3,29.3,28.2,28.4,28.4,28.5,28.3,27.6,26.8,27.2,27.3,27.0,26.7,26.7,26.8,26.6
2024-06-29 07:00:00+02:00,28.8,28.8,28.8,28.8,28.8,28.8,28.9,28.9,28.9,29.5,29.2,29.3,29.3,28.2,28.4,28.4,28.5,28.3,27.6,26.8,27.2,27.3,27.0,26.7,26.7,26.8,26.6
2024-06-29 08:00:00+02:00,28.8,28.8,28.8,28.8,28.8,28.8,28.9,28.9,28.9,29.5,29.2,29.3,29.3,28.2,28.4,28.4,28.5,28.3,27.6,26.8,27.2,27.3,27.0,26.7,26.7,26.8,26.6
2024-06-29 09:00:00+02:00,28.8,28.8,28.8,28.8,28.8,28.8,28.9,28.9,28.9,29.5,29.2,29.3,29.3,28.2,28.4,28.4,28.5,28.3,27.6,26.8,27.2,27.3,27.0,26.7,26.7,26.8,26.6
2024-06-29 10:00:00+02:00,28.8,28.8,28.8,28.8,28.8,28.8,28.9,28.9,28.9,29.5,29.2,29.3,29.3,28.2,28.4,28.4,28.5,28.3,27.6,26.8,27.2,27.3,27.0,26.7,26.7,26.8,26.6
2024-06-29 11:00:00+02:00,28.8,28.8,28.8,28.8,28.8,28.8,28.9,28.9,28.9,29.5,29.2,29.3,29.3,28.2,28.4,28.4,28.5,28.3,27.6,26.8,27.2,27.3,27.0,26.7,26.7,26.8,26.6
2024-06-29 12:00:00+02:00,28.8,28.8,28.8,28.8,28.8,28.8,28.9,28.9,28.9,29.5,29.2,29.3,29.3,28.2,28.4,28.4,28.5,28.3,27.6,26.8,27.2,27.3,27.0,26.7,26.7,26.8,26.6
2024-06-29 13:00:00+02:00,28.8,28.8,28.8,28.8,28.8,28.8,28.9,28.9,28.9,29.5,29.2,29.3,29.3,28.2,28.4,28.4,28.5,28.3,27.6,26.8,27.2,27.3,27.0,26.7,26.7,26.8,26.6
2024-06-29 14:00:00+02:00,28.8,28.8,28.8,28.8,28.8,28.8,28.9,28.9,28.9,29.5,29.2,29.3,29.3,28.2,28.4,28.4,28.5,28.3,27.6,26.8,27.2,27.3,27.0,26.7,26.7,26.8,26.6
2024-06-29 15:00:00+02:00,28.8,28.8,28.8,28.8,28.8,28.8,28.9,28.9,28.9,29.5,29.2,29.3,29.3,28.2,28.4,28.4,28.5,28.3,27.6,26.8,27.2,27.3,27.0,26.7,26.7,26.8,26.6
2024-06-29 16:00:00+02:00,28.8,28.8,28.8,28.8,28.8,28.8,28.9,28.9,28.9,29.5,29.2,29.3,29.3,28.2,28.4,28.4,28.5,28.3,27.6,26.8,27.2,27.3,27.0,26.7,26.7,26.8,26.6
2024-06-29 17:00:00+02:00,28.8,28.8,28.8,28.8,28.8,28.8,28.9,28.9,28.9,29.5,29.2,29.3,29.3,28.2,28.4,28.4,28.5,28.3,27.6,26.8,27.2,27.3,27.0,26.7,26.7,26.8,26.6
2024-06-29 18:00:00+02:00,28.8,28.8,28.8,28.8,28.8,28.8,28.9,28.9,28.9,29.5,29.2,29.3,29.3,28.2,28.4,28.4,28.5,28.3,27.6,26.8,27.2,27.3,27.0,26.7,26.7,26.8,26.6
2024-06-29 19:00:00+02:00,28.8,28.8,28.8,28.8,28.8,28.8,28.9,28.9,28.9,29.5,29.2,29.3,29.3,28.2,28.4,28.4,28.5,28.3,27.6,26.8,27.2,27.3,27.0,26.7,26.7,26.8,26.6
2024-06-29 20:00:00+02:00,28.8,28.8,28.8,28.8,28.8,28.8,28.9,28.9,28.9,29.5,29.2,29.3,29.3,28.2,28.4,28.4,28.5,28.3,27.6,26.8,27.2,27.3,27.0,26.7,26.7,26.8,26.6
2024-06-29 21:00:00+02:00,28.8,28.8,28.8,28.8,28.8,28.8,28.9,28.9,28.9,29.5,29.2,29.3,29.3,28.2,28.4,28.4,28.5,28.3,27.6,26.8,27.2,27.3,27.0,26.7,26.7,26.8,26.6
2024-06-29 22:00:00+02:00,28.8,28.8,28.8,28.8,28.8,28.8,28.9,28.9,28.9,29.5,29.2,29.3,29.3,28.2,28.4,28.4,28.5,28.3,27.6,26.8,27.2,27.3,27.0,26.7,26.7,26.8,26.6
2024-06-29 23:00:00+02:00,28.8,28.8,28.8,28.8,28.8,28.8,28.9,28.9,28.9,29.5,29.2,29.3,29.3,28.2,28.4,28.4,28.5,28.3,27.6,26.8,27.2,27.3,27.0,26.7,26.7,26.8,26.6
2024-06-30 00:00:00+02:00,28.8,28.8,28.8,28.8,28.8,28.8,28.9,28.9,28.9,29.5,29.2,29.3,29.3,28.2,28.4,28.4,28.5,28.3,27.6,26.8,27.2,27.3,27.0,26.7,26.7,26.8,26.6
2024-06-30 01:00:00+02:00,28.8,28.8,28.8,28.8,28.8,28.8,28.9,28.9,28.9,29.5,29.2,29.3,29.3,28.2,28.4,28.4,28.5,28.3,27.6,26.8,27.2,27.3,27.0,26.7,26.7,26.8,26.6
2024-06-30 02:00:00+02:00,28.8,28.8,28.8,28.8,28.8,28.8,28.9,28.9,28.9,29.5,29.2,29.3,29.3,28.2,28.4,28.4,28.5,28.3,27.6,26.8,27.2,27.3,27.0,26.7,26.7,26.8,26.6
2024-06-30 03:00:00+02:00,28.8,28.8,28.8,28.8,28.8,28.8,28.9,28.9,28.9,29.5,29.2,29.3,29.3,28.2,28.4,28.4,28.5,28.3,27.6,26.8,27.2,27.3,27.0,26.7,26.7,26.8,26.6
2024-06-30 04:00:00+02:00,28.8,28.8,28.8,28.8,28.8,28.8,28.9,28.9,28.9,29.5,29.2,29.3,29.3,28.2,28.4,28.4,28.5,28.3,27.6,26.8,27.2,27.3,27.0,26.7,26.7,26.8,26.6
2024-06-30 05:00:00+02:00,28.8,28.8,28.8,28.8,28.8,28.8,28.9,28.9,28.9,29.5,29.2,29.3,29.3,28.2,28.4,28.4,28.5,28.3,27.6,26.8,27.2,27.3,27.0,26.7,26.7,26.8,26.6
2024-06-30 06:00:00+02:00,28.8,28.8,28.8,28.8,28.8,28.8,28.9,28.9,28.9,29.5,29.2,29.3,29.3,28.2,28.4,28.4,28.5,28.3,27.6,26.8,27.2,27.3,27.0,26.7,26.7,26.8,26.6
2024-06-30 07:00:00+02:00,28.8,28.8,28.8,28.8,28.8,28.8,28.9,28.9,28.9,29.5,29.2,29.3,29.3,28.2,28.4,28.4,28.5,28.3,27.6,26.8,27.2,27.3,27.0,26.7,26.7,26.8,26.6
2024-06-30 08:00:00+02:00,28.8,28.8,28.8,28.8,28.8,28.8,28.9,28.9,28.9,29.5,29.2,29.3,29.3,28.2,28.4,28.4,28.5,28.3,27.6,26.8,27.2,27.3,27.0,26.7,26.7,26.8,26.6
2024-06-30 09:00:00+02:00,28.8,28.8,28.8,28.8,28.8,28.8,28.9,28.9,28.9,29.5,29.2,29.3,29.3,28.2,28.4,28.4,28.5,28.3,27.6,26.8,27.2,27.3,27.0,26.7,26.7,26.8,26.6
2024-06-30 10:00:00+02:00,28.8,28.8,28.8,28.8,28.8,28.8,28.9,28.9,28.9,29.5,29.2,29.3,29.3,28.2,28.4,28.4,28.5,28.3,27.6,26.8,27.2,27.3,27.0,26.7,26.7,26.8,26.6
2024-06-30 11:00:00+02:00,28.8,28.8,28.8,28.8,28.8,28.8,28.9,28.9,28.9,29.5,29.2,29.3,29.3,28.2,28.4,28.4,28.5,28.3,27.6,26.8,27.2,27.3,27.0,26.7,26.7,26.8,26.6
2024-06-30 12:00:00+02:00,28.8,28.8,28.8,28.8,28.8,28.8,28.9,28.9,28.9,29.5,29.2,29.3,29.3,28.2,28.4,28.4,28.5,28.3,27.6,26.8,27.2,27.3,27.0,26.7,26.7,26.8,26.6
2024-06-30 13:00:00+02:00,28.8,28.8,28.8,28.8,28.8,28.8,28.9,28.9,28.9,29.5,29.2,29.3,29.3,28.2,28.4,28.4,28.5,28.3,27.6,26.8,27.2,27.3,27.0,26.7,26.7,26.8,26.6
2024-06-30 14:00:00+02:00,28.8,28.8,28.8,28.8,28.8,28.8,28.9,28.9,28.9,29.5,29.2,29.3,29.3,28.2,28.4,28.4,28.5,28.3,27.6,26.8,27.2,27.3,27.0,26.7,26.7,26.8,26.6
2024-06-30 15:00:00+02:00,28.8,28.8,28.8,28.8,28.8,28.8,28.9,28.9,28.9,29.5,29.2,29.3,29.3,28.2,28.4,28.4,28.5,28.3,27.6,26.8,27.2,27.3,27.0,26.7,26.7,26.8,26.6
2024-06-30 16:00:00+02:00,28.8,28.8,28.8,28.8,28.8,28.8,28.9,28.9,28.9,29.5,29.2,29.3,29.3,28.2,28.4,28.4,28.5,28.3,27.6,26.8,27.2,27.3,27.0,26.7,26.7,26.8,26.6
2024-06-30 17:00:00+02:00,28.8,28.8,28.8,28.8,28.8,28.8,28.9,28.9,28.9,29.5,29.2,29.3,29.3,28.2,28.4,28.4,28.5,28.3,27.6,26.8,27.2,27.3,27.0,26.7,26.7,26.8,26.6
2024-06-30 18:00:00+02:00,28.8,28.8,28.8,28.8,28.8,28.8,28.9,28.9,28.9,29.5,29.2,29.3,29.3,28.2,28.4,28.4,28.5,28.3,27.6,26.8,27.2,27.3,27.0,26.7,26.7,26.8,26.6
2024-06-30 19:00:00+02:00,28.8,28.8,28.8,28.8,28.8,28.8,28.9,28.9,28.9,29.5,29.2,29.3,29.3,28.2,28.4,28.4,28.5,28.3,27.6,26.8,27.2,27.3,27.0,26.7,26.7,26.8,26.6
2024-06-30 20:00:00+02:00,28.8,28.8,28.8,28.8,28.8,28.8,28.9,28.9,28.9,29.5,29.2,29.3,29.3,28.2,28.4,28.4,28.5,28.3,27.6,26.8,27.2,27.3,27.0,26.7,26.7,26.8,26.6
2024-06-30 21:00:00+02:00,28.8,28.8,28.8,28.8,28.8,28.8,28.9,28.9,28.9,29.5,29.2,29.3,29.3,28.2,28.4,28.4,28.5,28.3,27.6,26.8,27.2,27.3,27.0,26.7,26.7,26.8,26.6
2024-06-30 22:00:00+02:00,28.8,28.8,28.8,28.8,28.8,28.8,28.9,28.9,28.9,29.5,29.2,29.3,29.3,28.2,28.4,28.4,28.5,28.3,27.6,26.8,27.2,27.3,27.0,26.7,26.7,26.8,26.6
2024-06-30 23:00:00+02:00,28.8,28.8,28.8,28.8,28.8,28.8,28.9,28.9,28.9,29.5,29.2,29.3,29.3,28.2,28.4,28.4,28.5,28.3,27.6,26.8,27.2,27.3,27.0,26.7,26.7,26.8,26.6
2024-07-01 00:00:00+02:00,28.8,28.8,28.8,28.8,28.8,28.8,28.9,28.9,28.9,29.5,29.2,29.3,29.3,28.2,28.4,28.4,28.5,28.3,27.6,26.8,27.2,27.3,27.0,26.7,26.7,26.8,26.6
2024-07-01 01:00:00+02:00,28.8,28.8,28.8,28.8,28.8,28.8,28.9,28.9,28.9,29.5,29.2,29.3,29.3,28.2,28.4,28.4,28.5,28.3,27.6,26.8,27.2,27.3,27.0,26.7,26.7,26.8,26.6
2024-07-01 02:00:00+02:00,28.8,28.8,28.8,28.8,28.8,28.8,28.9,28.9,28.9,29.5,29.2,29.3,29.3,28.2,28.4,28.4,28.5,28.3,27.6,26.8,27.2,27.3,27.0,26.7,26.7,26.8,26.6
2024-07-01 03:00:00+02:00,28.8,28.8,28.8,28.8,28.8,28.8,28.9,28.9,28.9,29.5,29.2,29.3,29.3,28.2,28.4,28.4,28.5,28.3,27.6,26.8,27.2,27.3,27.0,26.7,26.7,26.8,26.6
2024-07-01 04:00:00+02:00,28.8,28.8,28.8,28.8,28.8,28.8,28.9,28.9,28.9,29.5,29.2,29.3,29.3,28.2,28.4,28.4,28.5,28.3,27.6,26.8,27.2,27.3,27.0,26.7,26.7,26.8,26.6
2024-07-01 05:00:00+02:00,28.8,28.8,28.8,28.8,28.8,28.8,28.9,28.9,28.9,29.5,29.2,29.3,29.3,28.2,28.4,28.4,28.5,28.3,27.6,26.8,27.2,27.3,27.0,26.7,26.7,26.8,26.6
2024-07-01 06:00:00+02:00,28.8,28.8,28.8,28.8,28.8,28.8,28.9,28.9,28.9,29.5,29.2,29.3,29.3,28.2,28.4,28.4,28.5,28.3,27.6,26.8,27.2,27.3,27.0,26.7,26.7,26.8,26.6
2024-07-01 07:00:00+02:00,28.8,28.8,28.8,28.8,28.8,28.8,28.9,28.9,28.9,29.5,29.2,29.3,29.3,28.2,28.4,28.4,28.5,28.3,27.6,26.8,27.2,27.3,27.0,26.7,26.7,26.8,26.6
2024-07-01 08:00:00+02:00,28.8,28.8,28.8,28.8,28.8,28.8,28.9,28.9,28.9,29.5,29.2,29.3,29.3,28.2,28.4,28.4,28.5,28.3,27.6,26.8,27.2,27.3,27.0,26.7,26.7,26.8,26.6
2024-07-01 09:00:00+02:00,28.8,28.8,28.8,28.8,28.8,28.8,28.9,28.9,28.9,29.5,29.2,29.3,29.3,28.2,28.4,28.4,28.5,28.3,27.6,26.8,27.2,27.3,27.0,26.7,26.7,26.8,26.6
2024-07-01 10:00:00+02:00,28.8,28.8,28.8,28.8,28.8,28.8,28.9,28.9,28.9,29.5,29.2,29.3,29.3,28.2,28.4,28.4,28.5,28.3,27.6,26.8,27.2,27.3,27.0,26.7,26.7,26.8,26.6
2024-07-01 11:00:00+02:00,19.5,19.5,19.5,19.5,19.5,19.5,19.5,19.5,19.5,28.9,28.6,28.6,28.8,28.1,28.2,27.7,28.1,27.6,18.2,18.6,18.6,18.6,18.5,18.6,19.5,18.5,18.5
2024-07-01 12:00:00+02:00,19.5,19.5,19.5,19.5,19.5,19.5,19.5,19.5,19.5,28.9,28.6,28.6,28.8,28.1,28.2,27.7,28.1,27.6,18.2,18.6,18.6,18.6,18.5,18.6,19.5,18.5,18.5
2024-07-01 13:00:00+02:00,22.2,22.2,22.2,22.2,22.2,22.2,22.2,22.2,22.2,29.4,29.0,29.1,29.2,28.5,28.5,27.8,28.4,27.9,20.6,20.6,20.6,20.5,20.5,20.5,21.1,21.0,21.0
2024-07-01 14:00:00+02:00,22.2,22.2,22.2,22.2,22.2,22.2,22.2,22.2,22.2,29.4,29.0,29.1,29.2,28.5,28.5,27.8,28.4,27.9,20.6,20.6,20.6,20.5,20.5,20.5,21.1,21.0,21.0
2024-07-01 15:00:00+02:00,24.7,24.7,24.7,24.7,24.7,24.7,24.7,24.7,24.7,29.6,29.1,29.3,29.5,28.7,28.7,28.1,28.6,28.2,23.0,23.5,22.9,22.8,22.8,22.8,23.6,25.5,26.1
2024-07-01 16:00:00+02:00,24.8,24.8,24.8,24.8,24.8,24.8,24.8,24.8,24.8,29.6,29.1,29.3,29.5,28.6,28.8,28.1,28.6,28.3,23.1,23.3,23.0,23.0,22.9,22.8,23.6,24.5,24.9
2024-07-01 17:00:00+02:00,24.8,24.8,24.8,24.8,24.8,24.8,24.8,24.8,24.8,29.6,29.1,29.3,29.5,28.6,28.8,28.1,28.6,28.3,23.1,23.3,23.0,23.0,22.9,22.8,23.6,24.5,24.9
2024-07-01 18:00:00+02:00,26.7,26.7,26.7,26.7,26.7,26.7,26.7,26.7,26.7,29.7,29.3,29.5,29.5,28.8,29.0,28.3,28.8,28.4,25.0,24.8,24.3,24.3,24.2,24.3,24.5,24.6,24.5
2024-07-01 19:00:00+02:00,26.2,26.2,26.2,26.2,26.2,26.2,26.1,26.1,26.1,29.8,29.4,29.5,29.5,28.7,29.0,28.3,28.7,28.3,25.3,26.5,24.5,24.5,24.3,24.3,24.4,24.4,24.3
2024-07-01 20:00:00+02:00,26.2,26.2,26.2,26.2,26.2,26.2,26.1,26.1,26.1,29.8,29.4,29.5,29.5,28.7,29.0,28.3,28.7,28.3,25.3,26.5,24.5,24.5,24.3,24.3,24.4,24.4,24.3
2024-07-01 21:00:00+02:00,26.2,26.2,26.2,26.2,26.2,26.2,26.1,26.1,26.1,29.8,29.4,29.5,29.5,28.7,29.0,28.3,28.7,28.3,25.3,26.5,24.5,24.5,24.3,24.3,24.4,24.4,24.3
2024-07-01 22:00:00+02:00,26.2,26.2,26.2,26.2,26.2,26.2,26.1,26.1,26.1,29.8,29.4,29.5,29.5,28.7,29.0,28.3,28.7,28.3,25.3,26.5,24.5,24.5,24.3,24.3,24.4,24.4,24.3
2024-07-01 23:00:00+02:00,26.3,26.3,26.3,26.3,26.3,26.3,26.3,26.3,26.3,29.8,29.4,29.5,29.5,28.7,28.9,28.3,28.7,28.3,25.7,26.5,24.6,24.6,24.5,24.5,24.5,24.6,24.4
2024-07-02 00:00:00+02:00,26.3,26.3,26.3,26.3,26.3,26.3,26.3,26.3,26.3,29.8,29.4,29.5,29.5,28.7,28.9,28.3,28.7,28.3,25.7,26.5,24.6,24.6,24.5,24.5,24.5,24.6,24.4
2024-07-02 01:00:00+02:00,26.3,26.3,26.3,26.3,26.3,26.3,26.3,26.3,26.3,29.8,29.4,29.5,29.5,28.7,28.9,28.3,28.7,28.3,25.7,26.5,24.6,24.6,24.5,24.5,24.5,24.6,24.4
2024-07-02 02:00:00+02:00,26.3,26.3,26.3,26.3,26.3,26.3,26.3,26.3,26.3,29.8,29.4,29.5,29.5,28.7,28.9,28.3,28.7,28.3,25.7,26.5,24.6,24.6,24.5,24.5,24.5,24.6,24.4
2024-07-02 03:00:00+02:00,26.3,26.3,26.3,26.3,26.3,26.3,26.3,26.3,26.3,29.8,29.4,29.5,29.5,28.7,28.9,28.3,28.7,28.3,25.7,26.5,24.6,24.6,24.5,24.5,24.5,24.6,24.4
2024-07-02 04:00:00+02:00,26.3,26.3,26.3,26.3,26.3,26.3,26.3,26.3,26.3,29.8,29.4,29.5,29.5,28.7,28.9,28.3,28.7,28.3,25.7,26.5,24.6,24.6,24.5,24.5,24.5,24.6,24.4
2024-07-02 05:00:00+02:00,26.3,26.3,26.3,26.3,26.3,26.3,26.3,26.3,26.3,29.8,29.4,29.5,29.5,28.7,28.9,28.3,28.7,28.3,25.7,26.5,24.6,24.6,24.5,24.5,24.5,24.6,24.4
2024-07-02 06:00:00+02:00,26.3,26.3,26.3,26.3,26.3,26.3,26.3,26.3,26.3,29.8,29.4,29.5,29.5,28.7,28.9,28.3,28.7,28.3,25.7,26.5,24.6,24.6,24.5,24.5,24.5,24.6,24.4
2024-07-02 07:00:00+02:00,26.3,26.3,26.3,26.3,26.3,26.3,26.3,26.3,26.3,29.8,29.4,29.5,29.5,28.7,28.9,28.3,28.7,28.3,25.7,26.5,24.6,24.6,24.5,24.5,24.5,24.6,24.4
2024-07-02 08:00:00+02:00,26.3,26.3,26.3,26.3,26.3,26.3,26.3,26.3,26.3,29.8,29.4,29.5,29.5,28.7,28.9,28.3,28.7,28.3,25.7,26.5,24.6,24.6,24.5,24.5,24.5,24.6,24.4
2024-07-02 09:00:00+02:00,26.3,26.3,26.3,26.3,26.3,26.3,26.3,26.3,26.3,29.8,29.4,29.5,29.5,28.7,28.9,28.3,28.7,28.3,25.7,26.5,24.6,24.6,24.5,24.5,24.5,24.6,24.4
2024-07-02 10:00:00+02:00,26.3,26.3,26.3,26.3,26.3,26.3,26.3,26.3,26.3,29.8,29.4,29.5,29.5,28.7,28.9,28.3,28.7,28.3,25.7,26.5,24.6,24.6,24.5,24.5,24.5,24.6,24.4
2024-07-02 11:00:00+02:00,16.9,16.9,16.9,16.9,16.9,16.9,16.9,16.9,16.9,28.3,27.8,28.3,28.1,27.6,27.5,27.0,28.4,28.0,15.8,16.1,16.1,16.0,16.0,16.0,17.2,20.2,20.3
2024-07-02 12:00:00+02:00,18.1,18.1,18.1,18.1,18.1,18.1,18.1,18.1,18.1,28.5,28.0,28.1,28.2,27.7,27.5,27.1,27.7,27.2,16.7,17.1,16.8,16.8,16.8,16.9,17.9,17.3,17.4
2024-07-02 13:00:00+02:00,19.3,19.3,19.3,19.3,19.3,19.3,19.3,19.3,19.3,28.5,28.0,28.3,28.3,27.7,27.4,27.1,27.8,27.3,17.6,17.9,17.6,17.6,17.5,17.5,18.3,19.3,19.3
2024-07-02 14:00:00+02:00,19.8,19.8,19.8,19.8,19.8,19.8,19.8,19.8,19.8,28.7,28.1,28.3,28.4,27.8,27.6,27.1,27.9,27.4,18.3,18.5,18.1,18.1,18.0,18.1,18.6,18.3,18.6
2024-07-02 15:00:00+02:00,21.1,21.1,21.1,21.1,21.1,21.1,21.1,21.1,21.1,28.8,28.2,28.5,28.6,27.9,27.7,27.3,27.9,27.5,18.9,19.3,18.8,18.8,18.7,18.8,19.5,19.2,19.4
2024-07-02 16:00:00+02:00,21.4,21.4,21.4,21.4,21.4,21.4,21.3,21.3,21.3,28.8,28.2,28.5,28.6,27.9,27.7,27.3,27.9,27.4,19.2,19.3,19.0,19.0,19.0,19.1,19.8,19.4,19.6
2024-07-02 17:00:00+02:00,21.4,21.4,21.4,21.4,21.4,21.4,21.3,21.3,21.3,28.8,28.2,28.5,28.6,27.9,27.7,27.3,27.9,27.4,19.2,19.3,19.0,19.0,19.0,19.1,19.8,19.4,19.6
2024-07-02 18:00:00+02:00,21.4,21.4,21.4,21.4,21.4,21.4,21.3,21.3,21.3,28.8,28.2,28.5,28.6,27.9,27.7,27.3,27.9,27.4,19.2,19.3,19.0,19.0,19.0,19.1,19.8,19.4,19.6
2024-07-02 19:00:00+02:00,21.8,21.8,21.8,21.8,21.8,21.8,21.8,21.8,21.8,28.9,28.3,28.5,28.5,28.0,27.6,27.3,28.0,27.5,22.0,20.3,20.2,20.1,20.1,20.1,20.6,20.0,20.1
2024-07-02 20:00:00+02:00,21.8,21.8,21.8,21.8,21.8,21.8,21.8,21.8,21.8,28.9,28.3,28.5,28.5,28.0,27.6,27.3,28.0,27.5,22.0,20.3,20.2,20.1,20.1,20.1,20.6,20.0,20.1
2024-07-02 21:00:00+02:00,21.8,21.8,21.8,21.8,21.8,21.8,21.8,21.8,21.8,28.9,28.2,28.4,28.4,28.0,27.6,27.3,28.0,27.3,22.2,20.2,20.2,20.1,20.1,20.1,20.6,20.0,20.0
2024-07-02 22:00:00+02:00,21.8,21.8,21.8,21.8,21.8,21.8,21.8,21.8,21.8,28.9,28.2,28.4,28.4,28.0,27.6,27.3,28.0,27.3,22.2,20.2,20.2,20.1,20.1,20.1,20.6,20.0,20.0
2024-07-02 23:00:00+02:00,21.8,21.8,21.8,21.8,21.8,21.8,21.8,21.8,21.8,28.9,28.2,28.4,28.4,28.0,27.6,27.3,28.0,27.3,22.2,20.2,20.2,20.1,20.1,20.1,20.6,20.0,20.0
