day,n,tmin,tmean,tmax,sd,frozen,class
2023-11-30,10,1.6,3.2299999999999995,4.5,1.0708771067577163,False,-
2023-12-01,24,0.5,1.2,2.8,0.47457074425668905,False,-
2023-12-02,24,-1.7,-0.05833333333333333,1.1,0.81075202163159,False,-
2023-12-03,24,-3.3,-1.2208333333333334,1.1,1.4616783583225161,False,-
2023-12-04,24,-7.4,-3.720833333333333,-0.6,2.4005396434364807,False,-
2023-12-05,24,-2.2,-0.10416666666666669,2.8,1.4537744477488714,False,-
2023-12-06,24,-2.7,1.05,4.4,2.4041630560342617,False,-
2023-12-07,24,2.7,3.3333333333333335,4.2,0.47058397270021735,False,-
2023-12-08,24,-1.4,1.5250000000000001,3.0,1.44319994697773,False,-
2023-12-09,24,2.0,3.625,5.4,1.2417554194522893,False,-
2023-12-10,24,3.1,5.3374999999999995,8.5,1.895948196870735,False,-
2023-12-11,24,5.2,7.741666666666667,10.2,1.6931875436498505,False,-
2023-12-12,24,7.1,8.591666666666667,10.0,0.7689160448696404,False,-
2023-12-13,24,7.4,8.658333333333333,11.3,1.1435705589024259,False,-
2023-12-14,24,6.4,7.920833333333333,9.6,0.973554297928212,False,-
2023-12-15,24,4.2,5.904166666666666,7.2,0.6616705910152672,False,-
2023-12-16,24,5.3,6.7749999999999995,8.9,1.1448371822722407,False,-
2023-12-17,24,3.2,5.883333333333333,9.3,1.9477225645367966,False,-
2023-12-18,24,3.2,5.629166666666666,9.9,2.2311001705469193,False,-
2023-12-19,24,3.5,7.325,11.2,2.3887872127558967,False,-
2023-12-20,24,5.1,6.9375,8.9,0.9640550678841143,False,-
2023-12-21,24,6.2,7.7,10.5,1.2921165649395971,False,-
2023-12-22,24,2.7,5.254166666666666,6.9,1.1197744985202298,False,-
2023-12-23,24,2.5,3.7541666666666664,4.6,0.5356663194537263,False,-
2023-12-24,24,4.8,9.487499999999999,11.7,2.1684120617551494,False,-
2023-12-25,24,11.3,12.191666666666668,13.1,0.4661746889093295,False,-
2023-12-26,24,9.1,11.15,12.2,0.8536367214300903,False,-
2023-12-27,24,4.2,6.520833333333333,9.5,1.2877277482539502,False,-
2023-12-28,24,1.2,6.5,11.1,3.9988041690746368,False,-
2023-12-29,24,7.8,10.233333333333333,12.6,1.307392581560276,False,-
2023-12-30,24,6.1,9.358333333333333,11.3,1.3500134191496234,False,-
2023-12-31,24,1.5,4.183333333333334,7.3,1.8284387891852167,False,-
2024-01-01,24,5.1,6.879166666666666,9.2,1.284346955245846,False,-
2024-01-02,24,5.3,6.5874999999999995,8.1,0.7651726147966761,False,-
2024-01-03,24,7.9,10.237499999999999,12.8,1.245448234310774,False,-
2024-01-04,24,7.2,9.541666666666666,11.6,1.2514050074830378,False,-
2024-01-05,24,3.8,6.033333333333334,8.1,1.3760898184369355,False,-
2024-01-06,24,5.2,6.220833333333334,6.9,0.45965882117507323,False,-
2024-01-07,24,-2.2,0.6291666666666667,4.6,1.9902980258956338,False,-
2024-01-08,24,-6.3,-3.720833333333333,-2.0,1.3370893653808233,False,-
2024-01-09,24,-9.0,-6.370833333333334,-3.0,1.7993910000370945,False,-
2024-01-10,24,-7.3,-4.925,-0.7,2.4821536931708597,False,-
2024-01-11,24,-8.2,-4.3374999999999995,1.1,3.153853750296749,False,-
2024-01-12,24,-2.2,0.7166666666666667,2.6,1.4595016024438727,False,-
2024-01-13,24,1.2,1.7458333333333333,2.6,0.39560538821963204,False,-
2024-01-14,24,0.4,1.8583333333333334,3.7,1.0146392233809949,False,-
2024-01-15,24,-0.2,1.4958333333333333,3.0,0.7882171222982016,False,-
2024-01-16,24,-0.7,1.5875000000000001,3.8,1.089999002791726,False,-
2024-01-17,24,-5.2,-1.4666666666666668,2.6,2.771856490837342,False,-
2024-01-18,24,0.3,1.7708333333333333,3.0,0.9493609597429516,False,-
2024-01-19,24,-4.4,-0.9874999999999999,1.5,1.8453967406589789,False,-
2024-01-20,24,-4.2,-1.8833333333333335,2.1,2.0742031820869697,False,-
2024-01-21,24,-6.7,-3.045833333333333,2.2,2.688943410833829,False,-
2024-01-22,24,-3.3,1.5458333333333334,7.4,4.26155505059777,False,-
2024-01-23,24,3.2,6.191666666666666,8.3,1.4954762704109748,False,-
2024-01-24,24,2.9,9.4125,14.3,3.29562456969052,False,-
2024-01-25,24,5.5,9.166666666666666,10.6,1.4609903331723963,False,-
2024-01-26,24,2.2,6.816666666666666,11.3,2.9683353066581994,False,-
2024-01-27,24,2.8,5.704166666666667,8.6,1.810711886588224,False,-
2024-01-28,24,-1.6,1.9958333333333333,5.9,2.361738336694921,False,-
2024-01-29,24,-2.7,0.3208333333333333,5.3,2.5182773902993203,False,-
2024-01-30,24,-0.5,1.1541666666666666,3.2,1.1496612607602092,False,-
2024-01-31,24,1.3,3.6041666666666665,6.9,1.8219624314044667,False,-
2024-02-01,24,1.6,6.029166666666666,10.5,2.870006690897619,False,-
2024-02-02,24,4.3,6.3999999999999995,8.3,1.3622232467231805,False,-
2024-02-03,24,7.7,9.9625,11.9,1.1739241142795205,False,-
2024-02-04,24,8.5,10.45,12.2,1.1960078522353839,False,-
2024-02-05,24,10.6,12.045833333333334,14.0,0.8905197147277766,False,-
2024-02-06,24,7.7,9.595833333333333,10.9,1.0310312130672084,False,-
2024-02-07,24,4.3,9.0,12.7,2.3952852240073255,False,-
2024-02-08,24,3.2,4.958333333333333,6.9,1.4542042995836366,False,-
2024-02-09,24,6.5,10.133333333333333,13.9,2.514767975582339,False,-
2024-02-10,24,7.2,10.491666666666667,13.3,1.685208454830406,False,-
2024-02-11,24,8.6,9.5375,11.0,0.7264041874041346,False,-
2024-02-12,24,7.4,9.170833333333333,12.1,1.3642896436915648,False,-
2024-02-13,24,4.6,7.291666666666667,9.9,1.4427982071886098,False,-
2024-02-14,24,2.2,6.6125,12.3,3.962356841468274,False,-
2024-02-15,24,8.3,10.945833333333333,15.4,2.4416635752070253,False,-
2024-02-16,24,4.6,8.512500000000001,12.5,2.783540519929062,False,-
2024-02-17,24,9.6,11.133333333333333,13.9,1.5755376354056758,False,-
2024-02-18,24,3.9,8.9625,13.2,3.0636455266632074,False,-
2024-02-19,24,8.5,10.079166666666667,11.8,1.1197744985202298,False,-
2024-02-20,24,8.1,9.545833333333333,11.5,1.005627282786251,False,-
2024-02-21,24,7.5,9.708333333333334,13.2,1.8299243668539424,False,-
2024-02-22,24,8.8,10.608333333333333,13.1,1.5007003196092703,False,-
2024-02-23,24,8.9,10.533333333333333,12.3,0.990681217830598,False,-
2024-02-24,24,3.8,7.6375,11.9,2.356824042056893,False,-
2024-02-25,24,2.1,5.908333333333334,9.9,2.608167217009688,False,-
2024-02-26,24,1.0,4.7625,8.9,2.6939243235231327,False,-
2024-02-27,24,2.1,5.9375,10.4,3.0661989640198697,False,-
2024-02-28,24,5.7,8.154166666666667,9.9,1.0770245512791117,False,-
2024-02-29,24,1.9,5.25,8.9,2.500260855956052,False,-
2024-03-01,24,6.1,8.479166666666666,12.0,2.140292374717847,False,-
2024-03-02,24,9.6,11.233333333333334,14.1,1.5985500676677524,False,-
2024-03-03,24,9.1,11.533333333333333,14.4,1.417182344337329,False,-
2024-03-04,24,3.4,8.795833333333333,14.4,3.684099697308713,False,-
2024-03-05,24,8.2,9.362499999999999,11.1,0.692702646538714,False,-
2024-03-06,24,5.4,8.7125,12.2,1.8157074319010946,False,-
2024-03-07,24,5.4,6.608333333333333,8.3,1.0870449239413558,False,-
2024-03-08,24,2.6,5.854166666666667,10.9,2.5181047335794764,False,-
2024-03-09,24,3.2,7.841666666666666,12.5,3.1636408121665456,False,-
2024-03-10,24,3.7,9.383333333333333,15.3,4.2041042748275395,False,-
2024-03-11,24,8.1,11.079166666666666,14.7,2.162522513914804,False,-
2024-03-12,24,10.4,12.045833333333334,14.7,1.316113899744794,False,-
2024-03-13,24,5.5,9.804166666666667,15.4,3.316949773074873,False,-
2024-03-14,24,3.7,9.658333333333333,16.8,4.739374079629784,False,-
2024-03-15,24,6.4,12.566666666666668,19.5,4.635277456792558,False,-
2024-03-16,24,9.1,12.7875,16.9,2.745322108289092,False,-
2024-03-17,24,2.6,7.779166666666666,12.4,3.1739399691135044,False,-
2024-03-18,24,0.8,5.925,11.1,3.4721563278771583,False,-
2024-03-19,24,0.5,5.216666666666667,10.8,3.4946750382815863,False,-
2024-03-20,24,0.8,7.666666666666667,15.4,5.3885278030328445,False,-
2024-03-21,24,5.7,11.733333333333334,19.0,4.61167390780008,False,-
2024-03-22,24,8.8,13.120833333333332,18.0,3.3783169422537647,False,-
2024-03-23,24,8.2,11.983333333333334,15.9,2.152989159016036,False,-
2024-03-24,24,3.3,6.808333333333334,10.1,2.0291177493136545,False,-
2024-03-25,24,5.3,8.112499999999999,12.0,2.24524860635695,False,-
2024-03-26,24,1.4,7.8374999999999995,15.9,5.456692141804848,False,-
2024-03-27,24,5.7,12.9625,21.1,5.588171708481966,False,-
2024-03-28,24,9.9,14.5625,17.2,2.4423460745410526,False,-
2024-03-29,24,12.2,12.199999999999998,12.2,0.0,True,-
2024-03-30,24,12.2,16.1875,22.9,5.259882003966645,False,-
2024-03-31,22,12.8,14.181818181818182,22.9,3.545840804800325,False,-
2024-04-01,24,12.8,12.800000000000002,12.8,0.0,True,-
2024-04-02,24,9.8,13.604166666666666,16.5,1.5187177562629617,False,-
2024-04-03,24,8.6,14.612499999999999,18.0,2.091870912136664,False,-
2024-04-04,24,11.7,16.025000000000002,19.4,1.8780771850601563,False,-
2024-04-05,24,10.3,17.125,22.3,3.6097994645011844,False,-
2024-04-06,24,20.4,20.4,20.4,0.0,True,-
2024-04-07,24,20.4,20.4,20.4,0.0,True,-
2024-04-08,24,14.0,22.016666666666666,28.5,3.7628234850588114,False,A
2024-04-09,24,13.7,21.558333333333334,28.0,4.88261482570885,False,A
2024-04-10,24,9.9,18.695833333333333,24.7,5.811643422936607,False,-
2024-04-11,24,6.5,15.0,19.5,3.309538257561147,False,-
2024-04-12,24,9.0,18.5,23.4,3.3799922819567145,False,-
2024-04-13,24,21.0,21.0,21.0,0.0,True,-
2024-04-14,24,21.0,21.0,21.0,0.0,True,-
2024-04-15,24,12.7,18.474999999999998,21.0,2.9471061709087936,False,-
2024-04-16,24,8.7,14.025,17.6,3.4701522332225045,False,-
2024-04-17,24,7.2,10.549999999999999,12.6,1.309165017665175,False,-
2024-04-18,24,7.2,10.862499999999999,11.7,1.0704783571111927,False,-
2024-04-19,24,6.5,9.866666666666667,11.8,1.267543556122103,False,-
2024-04-20,24,8.0,8.0,8.0,0.0,True,-
2024-04-21,24,8.0,8.0,8.0,0.0,True,-
2024-04-22,24,1.7,7.9125000000000005,10.3,1.7619930661660936,False,-
2024-04-23,24,1.0,8.491666666666665,13.2,3.4108416233695382,False,-
2024-04-24,24,7.8,11.637500000000001,14.2,1.5021180698108179,False,-
2024-04-25,24,6.4,11.595833333333333,14.1,1.6648486461215481,False,-
2024-04-26,24,6.7,13.629166666666668,18.7,3.309207072589348,False,-
2024-04-27,24,17.1,17.1,17.1,0.0,True,-
2024-04-28,24,17.1,17.1,17.1,0.0,True,-
2024-04-29,24,11.5,19.545833333333334,26.7,4.22919245726412,False,-
2024-04-30,24,15.3,24.9375,28.9,3.1315800290366003,False,A
2024-05-01,24,26.2,26.2,26.2,0.0,True,A
2024-05-02,24,16.9,24.316666666666666,26.2,2.5354301010087923,False,A
2024-05-03,24,13.8,20.495833333333334,23.1,2.7937008595684745,False,-
2024-05-04,24,18.9,18.9,18.9,0.0,True,-
2024-05-05,24,18.9,18.9,18.9,0.0,True,-
2024-05-06,24,14.7,19.020833333333332,22.5,1.8682656841752106,False,-
2024-05-07,24,14.0,17.308333333333334,20.8,3.0455836403134504,False,-
2024-05-08,24,14.2,14.199999999999998,14.2,0.0,True,-
2024-05-09,24,10.7,16.3125,21.4,3.162320625605574,False,-
2024-05-10,24,11.0,19.708333333333332,23.0,2.697328254058992,False,-
2024-05-11,24,21.9,21.899999999999995,21.9,0.0,True,-
2024-05-12,24,21.9,21.899999999999995,21.9,0.0,True,-
2024-05-13,24,13.6,21.279166666666665,24.6,2.64048400811318,False,-
2024-05-14,24,14.7,22.537499999999998,26.1,2.5332248737270766,False,A
2024-05-15,24,15.7,23.516666666666666,26.3,2.363613053498112,False,A
2024-05-16,24,16.4,22.441666666666666,24.1,1.8427098822508459,False,-
2024-05-17,24,15.3,18.4125,21.1,2.5711294253185977,False,-
2024-05-18,24,16.3,16.3,16.3,0.0,True,-
2024-05-19,24,16.3,16.3,16.3,0.0,True,-
2024-05-20,24,11.1,17.275000000000002,25.3,3.729115759510033,False,-
2024-05-21,24,17.9,23.170833333333334,25.0,2.1059912809321695,False,-
2024-05-22,24,17.0,20.833333333333332,22.2,1.6494179913366191,False,-
2024-05-23,24,16.7,21.858333333333334,25.4,2.168533198243473,False,-
2024-05-24,24,17.0,22.820833333333336,24.5,2.089930135438621,False,-
2024-05-25,24,22.5,22.5,22.5,0.0,True,-
2024-05-26,24,22.5,22.5,22.5,0.0,True,-
2024-05-27,24,16.2,22.6875,25.7,2.6122308473793048,False,-
2024-05-28,24,17.1,21.704166666666666,24.6,2.909725695523275,False,-
2024-05-29,24,12.4,21.120833333333334,25.1,2.784113185896733,False,-
2024-05-30,24,18.7,22.3,23.9,1.7734760757631731,False,-
2024-05-31,24,16.9,21.225,24.0,1.9451723965175718,False,-
2024-06-01,24,18.7,18.7,18.7,0.0,True,-
2024-06-02,24,18.7,18.7,18.7,0.0,True,-
2024-06-03,24,17.2,19.220833333333335,22.2,1.1905348329241778,False,-
2024-06-04,24,15.4,20.008333333333333,23.2,2.031687383233062,False,-
2024-06-05,24,16.2,23.116666666666664,27.5,2.5583055986789165,False,A
2024-06-06,24,18.1,23.412499999999998,27.0,1.6837619629348108,False,A
2024-06-07,24,16.8,22.708333333333332,25.8,2.7401867068515253,False,-
2024-06-08,24,24.2,24.2,24.2,0.0,True,-
2024-06-09,24,24.2,24.2,24.2,0.0,True,-
2024-06-10,24,19.0,23.495833333333334,26.0,1.9141303319095662,False,A
2024-06-11,24,15.7,21.829166666666666,24.8,3.1518771724394545,False,-
2024-06-12,24,15.3,20.15,22.5,1.7773942823084048,False,-
2024-06-13,24,16.0,19.695833333333333,21.1,1.559397644763117,False,-
2024-06-14,24,14.3,19.224999999999998,23.2,2.3944228677418735,False,-
2024-06-15,24,20.1,20.1,20.1,0.0,True,-
2024-06-16,24,20.1,20.1,20.1,0.0,True,-
2024-06-17,24,18.8,23.670833333333334,30.7,4.356152986360751,False,B
2024-06-18,24,21.1,28.695833333333336,33.2,2.8915888767049966,False,C
2024-06-19,24,23.3,29.354166666666668,32.1,2.967209077592095,False,B
2024-06-20,24,17.1,23.474999999999998,26.8,2.344883421594677,False,A
2024-06-21,24,21.4,27.8125,34.2,3.735762828799962,False,C
2024-06-22,24,27.9,27.899999999999995,27.9,0.0,True,A
2024-06-23,24,27.9,27.899999999999995,27.9,0.0,True,A
2024-06-24,24,17.2,25.391666666666666,27.9,3.1940048006643105,False,A
2024-06-25,24,19.3,26.266666666666666,30.3,2.604622423886906,False,B
2024-06-26,24,22.9,29.737499999999997,32.7,2.1659042694329385,False,B
2024-06-27,24,21.8,29.129166666666666,32.2,3.5499515203874896,False,B
2024-06-28,24,21.6,25.083333333333332,30.0,3.389070241445175,False,A
2024-06-29,24,28.8,28.8,28.8,0.0,True,A
2024-06-30,24,28.8,28.8,28.8,0.0,True,A
2024-07-01,24,19.5,26.34583333333333,28.8,2.9639836833832818,False,A
2024-07-02,24,16.9,23.2375,26.3,3.1073282946020973,False,A
2024-07-03,24,17.2,21.224999999999998,22.9,1.6953260555959764,False,-
2024-07-04,24,16.0,21.933333333333334,24.4,2.308522333077772,False,-
2024-07-05,24,24.4,24.399999999999995,24.4,0.0,True,-
2024-07-06,24,24.4,24.399999999999995,24.4,0.0,True,-
2024-07-07,24,24.4,24.399999999999995,24.4,0.0,True,-
2024-07-08,24,18.8,24.520833333333332,28.3,2.3260302376939697,False,A
2024-07-09,24,19.7,27.974999999999998,33.5,3.3205879521292756,False,C
2024-07-10,24,24.6,30.787499999999998,34.8,3.0166656657857254,False,C
2024-07-11,24,22.7,26.587500000000002,31.3,2.514188000995118,False,B
2024-07-12,24,22.3,27.770833333333332,32.3,2.500518062264326,False,B
2024-07-13,24,25.5,25.5,25.5,0.0,True,-
2024-07-14,24,25.5,25.5,25.5,0.0,True,-
2024-07-15,24,19.6,27.004166666666666,34.1,4.195906821888569,False,C
2024-07-16,24,24.3,29.483333333333334,32.2,2.990516411223505,False,B
2024-07-17,24,20.4,26.954166666666666,28.9,2.3063200816106555,False,A
2024-07-18,24,19.9,26.066666666666666,30.3,2.517705419565631,False,B
2024-07-19,24,22.0,28.766666666666666,31.9,2.3674728163659826,False,B
2024-07-20,24,30.3,30.3,30.3,0.0,True,B
2024-07-21,24,30.3,30.3,30.3,0.0,True,B
2024-07-22,24,24.2,29.058333333333334,30.3,1.8438892418558892,False,B
2024-07-23,24,22.4,28.212500000000002,31.0,2.0253421611088878,False,B
2024-07-24,24,19.5,26.604166666666668,28.9,2.8223454887683426,False,A
2024-07-25,24,19.5,25.075,27.3,1.9505294710389025,False,A
2024-07-26,24,16.0,23.22083333333333,31.3,5.175273919796668,False,B
2024-07-27,24,19.2,25.474999999999998,33.1,5.248043113555672,False,C
2024-07-28,24,22.1,24.15416666666667,29.8,1.8091504532014022,False,A
2024-07-29,24,15.7,21.462500000000002,26.6,3.6584402117034363,False,A
2024-07-30,24,13.5,21.570833333333336,30.3,5.720784315843921,False,B
2024-07-31,24,17.2,24.791666666666668,33.4,5.785583031509684,False,C
2024-08-01,24,21.5,26.441666666666666,31.8,3.3797242834118943,False,B
2024-08-02,24,18.7,23.070833333333336,28.4,2.7194115678510893,False,A
2024-08-03,24,15.1,20.845833333333335,27.6,4.564797168375152,False,A
2024-08-04,24,18.3,21.53333333333333,26.3,2.5722037018980384,False,A
2024-08-05,24,18.6,20.849999999999998,25.1,2.3927426504545672,False,-
2024-08-06,24,13.8,20.4375,26.8,4.542151616177936,False,A
2024-08-07,24,16.6,23.366666666666664,32.5,5.539790191182229,False,B
2024-08-08,24,19.6,22.854166666666668,26.2,1.7330493775214637,False,A
2024-08-09,24,18.3,23.0,28.9,3.9120771753746046,False,A
2024-08-10,24,19.6,24.84583333333333,31.5,4.145818130479737,False,B
2024-08-11,24,18.2,24.5,30.5,4.315996534632125,False,B
2024-08-12,24,18.5,24.8125,31.5,4.366504173323572,False,B
2024-08-13,24,20.6,26.795833333333334,34.1,4.725000958515353,False,C
2024-08-14,24,22.1,28.108333333333334,34.6,4.194190253679242,False,C
2024-08-15,24,23.0,27.22083333333333,32.5,2.984595110063422,False,B
2024-08-16,24,20.7,26.541666666666668,32.5,4.256648678363592,False,B
2024-08-17,24,21.9,26.741666666666664,31.1,3.095286271324395,False,B
2024-08-18,24,21.4,24.666666666666668,31.0,3.173075132596365,False,B
2024-08-19,24,18.0,21.279166666666665,23.8,1.730538786838834,False,-
2024-08-20,24,18.2,22.820833333333336,28.6,3.618548732231782,False,A
2024-08-21,24,22.3,24.195833333333336,26.9,1.349872511425226,False,A
2024-08-22,24,15.2,20.125,25.9,3.7217632567279755,False,-
2024-08-23,24,14.1,21.4375,30.9,6.041941273119599,False,B
2024-08-24,24,16.7,23.912499999999998,33.5,5.8764313704980795,False,C
2024-08-25,24,19.6,23.808333333333334,27.9,2.2852869036259014,False,A
2024-08-26,24,15.4,19.716666666666665,25.5,3.071137258080631,False,-
2024-08-27,24,15.3,20.579166666666666,27.5,4.292863559004861,False,A
2024-08-28,24,17.8,23.7,31.9,4.960189337199694,False,B
2024-08-29,24,20.7,29.366666666666664,32.5,2.9409650392887783,False,B
2024-08-30,24,20.1,29.95,33.4,3.3942406463327544,False,C
2024-08-31,24,31.6,31.600000000000005,31.6,0.0,True,B
2024-09-01,24,31.6,31.600000000000005,31.6,0.0,True,B
2024-09-02,24,19.6,28.462500000000002,31.6,3.9568116831171256,False,B
2024-09-03,24,19.7,28.304166666666664,30.7,3.117897726334854,False,B
2024-09-04,24,19.3,28.833333333333332,31.4,4.419193972017842,False,B
2024-09-05,24,22.5,30.020833333333332,32.1,2.6924983011042496,False,B
2024-09-06,24,20.2,28.05,29.9,2.68991675966247,False,A
2024-09-07,24,27.1,27.100000000000005,27.1,0.0,True,A
2024-09-08,24,27.1,27.100000000000005,27.1,0.0,True,A
2024-09-09,24,17.5,23.525000000000002,27.1,3.558853015032891,False,A
2024-09-10,24,17.7,20.975,22.2,0.9953151128728248,False,-
2024-09-11,24,15.2,19.516666666666666,21.3,1.3707080577971895,False,-
2024-09-12,24,11.7,16.716666666666665,19.1,2.5754132917239523,False,-
2024-09-13,24,10.0,12.483333333333334,14.4,1.8398172562055954,False,-
2024-09-14,24,10.1,10.1,10.1,0.0,True,-
2024-09-15,24,10.1,10.1,10.1,0.0,True,-
2024-09-16,24,10.1,13.795833333333334,19.8,3.994069426000272,False,-
2024-09-17,24,14.8,19.258333333333336,23.0,2.204721547372655,False,-
2024-09-18,24,12.7,21.433333333333334,25.7,3.2369694182201885,False,-
2024-09-19,24,13.8,21.037499999999998,23.2,2.334767933724426,False,-
2024-09-20,24,11.7,19.2,22.7,2.8142494558940574,False,-
2024-09-21,24,19.7,19.7,19.7,0.0,True,-
2024-09-22,24,19.7,19.7,19.7,0.0,True,-
2024-09-23,24,12.8,19.162499999999998,23.1,2.6939243235231314,False,-
2024-09-24,24,12.4,16.066666666666666,20.4,2.431257800553785,False,-
2024-09-25,24,14.9,18.704166666666666,23.1,2.3820851601370028,False,-
2024-09-26,24,15.3,18.837500000000002,20.8,1.5104886914361608,False,-
2024-09-27,24,14.6,18.8625,22.0,1.6528795689841462,False,-
2024-09-28,24,16.8,16.8,16.8,0.0,True,-
2024-09-29,24,16.8,16.8,16.8,0.0,True,-
2024-09-30,24,6.9,14.987499999999999,16.8,2.8585968738100385,False,-
2024-10-01,24,12.5,15.475000000000001,19.5,2.2146252995464732,False,-
2024-10-02,24,12.9,15.516666666666667,17.6,2.0114166901587756,False,-
2024-10-03,24,11.2,13.4375,14.7,0.8250494056352814,False,-
2024-10-04,24,12.0,13.079166666666666,13.5,0.434370275493022,False,-
2024-10-05,24,12.4,12.4,12.4,0.0,True,-
2024-10-06,24,12.4,12.4,12.4,0.0,True,-
2024-10-07,24,7.0,13.575000000000001,18.1,2.914170774739844,False,-
2024-10-08,24,11.2,16.3875,19.0,1.8283545703125013,False,-
2024-10-09,24,14.6,17.175,20.3,1.5596125494326545,False,-
2024-10-10,24,15.6,17.645833333333332,21.2,1.1454936914280451,False,-
2024-10-11,24,10.8,13.9,15.8,2.0032582155730383,False,-
2024-10-12,24,10.8,10.925000000000002,11.3,0.22116293423234532,False,-
2024-10-13,24,11.3,11.300000000000002,11.3,0.0,True,-
2024-10-14,24,6.6,11.862499999999999,14.4,1.8651990219020458,False,-
2024-10-15,24,7.0,11.766666666666666,13.6,2.230162143972002,False,-
2024-10-16,24,4.3,10.933333333333332,15.7,2.9632042977400195,False,-
2024-10-17,24,8.4,13.466666666666667,17.0,2.6687672885772016,False,-
2024-10-18,24,13.7,16.7,18.1,1.3147987116566233,False,-
2024-10-19,24,14.4,14.4,14.4,0.0,True,-
2024-10-20,24,14.4,14.4,14.4,0.0,True,-
2024-10-21,24,11.8,14.933333333333332,18.4,1.7327200698842593,False,-
2024-10-22,24,8.6,14.383333333333333,16.8,2.3720595832876263,False,-
2024-10-23,24,10.2,14.8375,16.1,1.6620606644084666,False,-
2024-10-24,24,9.6,14.2875,18.7,2.175218629691398,False,-
2024-10-25,24,8.1,13.429166666666667,15.1,2.1686459744086495,False,-
2024-10-26,24,14.1,14.1,14.1,0.0,True,-
2024-10-27,25,14.1,14.1,14.1,0.0,True,-
2024-10-28,24,14.1,14.1,14.1,0.0,True,-
2024-10-29,24,12.7,15.433333333333332,19.6,1.9752086662837216,False,-
2024-10-30,24,12.9,15.733333333333334,18.4,1.1922454761341377,False,-
2024-10-31,24,12.8,15.108333333333334,16.3,1.1886845731701714,False,-
2024-11-01,24,11.1,13.0625,14.7,0.8636688677053712,False,-
2024-11-02,24,13.7,13.699999999999998,13.7,0.0,True,-
2024-11-03,24,13.7,13.699999999999998,13.7,0.0,True,-
2024-11-04,24,2.6,10.033333333333333,13.7,3.744986987458285,False,-
2024-11-05,24,4.0,6.641666666666667,10.1,2.267140828495637,False,-
2024-11-06,24,7.6,8.341666666666667,8.8,0.4116949764366669,False,-
2024-11-07,24,7.6,8.225,9.1,0.6381018046076016,False,-
2024-11-08,24,5.5,8.158333333333333,9.1,1.2941059249255977,False,-
2024-11-09,24,5.5,5.5,5.5,0.0,True,-
2024-11-10,24,5.5,5.5,5.5,0.0,True,-
2024-11-11,24,2.7,4.95,5.8,0.8319698991210427,False,-
2024-11-12,24,2.8,4.016666666666667,4.5,0.543472463737198,False,-
2024-11-13,24,3.5,4.354166666666667,5.4,0.7661190545842737,False,-
2024-11-14,24,3.8,6.070833333333333,8.5,1.6593553401630208,False,-
2024-11-15,24,7.8,8.820833333333333,10.8,1.1650635984382125,False,-
2024-11-16,24,9.2,9.2,9.2,0.0,True,-
2024-11-17,24,9.2,9.2,9.2,0.0,True,-
2024-11-18,24,5.2,8.35,9.2,1.3335144804482693,False,-
2024-11-19,24,5.2,8.366666666666667,12.6,3.222835190739152,False,-
2024-11-20,24,3.6,7.791666666666667,11.6,3.3651560680477868,False,-
2024-11-21,24,1.2,3.6750000000000003,5.5,1.007040433539095,False,-
2024-11-22,24,1.2,3.108333333333333,4.8,0.7856964048407693,False,-
2024-11-23,24,2.4,2.4,2.4,0.0,True,-
2024-11-24,24,2.4,2.4,2.4,0.0,True,-
2024-11-25,24,2.4,5.0,10.4,3.4957116585897072,False,-
2024-11-26,24,5.9,6.979166666666667,9.7,1.1033463592208008,False,-
2024-11-27,24,2.4,6.316666666666666,9.5,1.7477107179459614,False,-
2024-11-28,24,4.6,7.279166666666666,10.6,2.399452685177559,False,-
2024-11-29,24,3.8,6.875,7.9,1.0637301063382738,False,-
2024-11-30,24,0.7,3.170833333333333,6.2,1.6042007807402217,False,-
2024-12-01,24,0.1,2.379166666666667,3.8,1.0350295801976184,False,-
2024-12-02,24,1.7,3.1625,5.0,1.1676109015383949,False,-
2024-12-03,24,3.7,5.375,8.2,1.2691147205485578,False,-
2024-12-04,24,2.1,4.9875,6.2,1.2718738315879692,False,-
2024-12-05,24,1.7,3.8125,5.6,1.0698689476834957,False,-
2024-12-06,24,2.9,5.6125,8.3,1.768151208367705,False,-
2024-12-07,24,6.1,7.2,8.0,0.49956502819082965,False,-
2024-12-08,24,5.7,6.5625,7.2,0.453788401177772,False,-
2024-12-09,24,3.8,4.8500000000000005,5.6,0.6406518419615256,False,-
2024-12-10,24,3.2,4.104166666666667,5.6,0.7006079140827364,False,-
2024-12-11,24,2.3,3.1166666666666667,4.1,0.6190221367585342,False,-
2024-12-12,24,2.4,3.1374999999999997,3.8,0.4041227751455049,False,-
2024-12-13,24,2.0,2.4791666666666665,3.2,0.34005008156301686,False,-
2024-12-14,24,2.2,3.2458333333333336,4.6,0.7587055146570469,False,-
2024-12-15,24,3.4,4.8875,6.9,1.2477153033688697,False,-
2024-12-16,24,6.2,9.0375,11.3,1.6444405682811092,False,-
2024-12-17,24,8.6,9.929166666666667,11.5,0.7798991945265674,False,-
2024-12-18,24,3.4,7.191666666666666,10.6,2.4187522235319148,False,-
2024-12-19,24,6.2,9.566666666666666,12.7,2.2709252407940164,False,-
2024-12-20,24,4.8,7.104166666666667,10.3,1.383907249551905,False,-
2024-12-21,24,1.4,4.633333333333334,7.1,1.9027820973892224,False,-
2024-12-22,24,5.1,7.591666666666666,9.3,1.052085575402978,False,-
2024-12-23,24,1.9,3.8791666666666664,4.9,0.7695165996269671,False,-
2024-12-24,24,2.7,4.6625000000000005,6.2,1.088602015350921,False,-
2024-12-25,24,0.4,3.391666666666667,5.4,1.7987717226332331,False,-
2024-12-26,24,-2.5,-0.15416666666666667,2.8,1.6623658276467113,False,-
2024-12-27,24,-0.9,0.08333333333333333,1.3,0.6112472399985108,False,-
2024-12-28,24,-1.3,-0.09583333333333334,1.0,0.6629834850501748,False,-
2024-12-29,24,-1.5,-0.19166666666666665,0.8,0.7598150041817482,False,-
2024-12-30,24,-0.2,1.3958333333333333,3.7,1.26197883488993,False,-
2024-12-31,24,-2.1,-0.3208333333333333,1.7,1.2279283248685537,False,-
2025-01-01,24,-3.3,2.4166666666666665,8.9,5.008832777913578,False,-
2025-01-02,24,2.1,8.141666666666667,11.3,3.027686254876984,False,-
2025-01-03,24,0.4,2.5375,4.6,1.178360135398195,False,-
2025-01-04,24,-1.2,0.9041666666666667,3.3,1.276366843364626,False,-
2025-01-05,24,-3.4,-0.3958333333333333,2.3,2.1316413693527885,False,-
2025-01-06,24,2.4,3.5208333333333335,5.4,0.9112720047640367,False,-
2025-01-07,24,1.6,4.783333333333333,7.9,1.6923527915344638,False,-
2025-01-08,24,0.8,3.8333333333333335,6.0,1.6874644387020596,False,-
2025-01-09,24,4.1,7.375,12.1,3.0413455260288416,False,-
2025-01-10,24,1.3,3.1291666666666664,5.3,1.2117106724062425,False,-
2025-01-11,24,1.4,2.345833333333333,3.3,0.47271571258795314,False,-
2025-01-12,24,0.7,1.6375,3.4,0.7100597035522404,False,-
2025-01-13,24,-1.3,0.7708333333333334,2.5,1.01659241829139,False,-
2025-01-14,24,-2.8,-0.30416666666666664,2.1,1.7684380646225066,False,-
2025-01-15,24,2.3,4.558333333333334,6.8,1.722969294098359,False,-
2025-01-16,24,5.1,5.670833333333333,6.2,0.26454089297870587,False,-
2025-01-17,24,2.8,3.625,4.8,0.4927738700017701,False,-
2025-01-18,24,2.1,3.1666666666666665,4.5,0.6211256728306078,False,-
2025-01-19,24,0.3,1.3958333333333333,2.6,0.6300304800540221,False,-
2025-01-20,24,-2.5,-0.375,2.9,1.7205282303131055,False,-
2025-01-21,24,0.2,1.2958333333333334,2.1,0.527899172410683,False,-
2025-01-22,24,0.2,1.2,2.1,0.6143218247366978,False,-
2025-01-23,24,0.9,2.9791666666666665,6.6,2.0481124219030606,False,-
2025-01-24,24,3.4,5.7875000000000005,8.9,2.0594031427449613,False,-
2025-01-25,24,5.85,8.1875,11.3,1.6236867603242242,False,-
2025-01-26,24,3.9,7.341666666666668,10.0,1.6673114694717015,False,-
2025-01-27,24,3.1,6.870833333333334,10.5,2.6617220915703474,False,-
2025-01-28,24,5.0,7.095833333333334,8.5,1.098805346003466,False,-
2025-01-29,24,2.9,6.683333333333334,11.0,2.5266693434271317,False,-
2025-01-30,24,0.2,3.629166666666667,7.9,2.5499325083424167,False,-
2025-01-31,24,2.8,4.866666666666666,7.4,1.4910360176055781,False,-
2025-02-01,24,-0.9,2.0083333333333333,6.1,2.358687303798757,False,-
2025-02-02,24,-0.9,1.2249999999999999,5.0,1.902001234398173,False,-
2025-02-03,24,-3.9,-0.8666666666666667,3.8,2.4453445861325016,False,-
2025-02-04,24,-4.5,-0.9666666666666667,4.2,3.006321841468866,False,-
2025-02-05,24,-4.4,0.5583333333333332,7.1,4.3654689141694405,False,-
2025-02-06,24,3.2,4.7124999999999995,6.5,1.0381055069106706,False,-
2025-02-07,24,2.6,4.375,6.1,0.9270101542523453,False,-
2025-02-08,24,1.0,4.3999999999999995,6.2,1.3121505746044475,False,-
2025-02-09,24,-2.9,0.8666666666666667,5.7,2.797928840607182,False,-
2025-02-10,24,-1.3,1.9583333333333333,6.4,2.8586887639747287,False,-
2025-02-11,24,-1.0,2.5,7.9,2.9963746210320927,False,-
2025-02-12,24,2.1,3.158333333333333,4.3,0.5732566514274363,False,-
2025-02-13,24,2.6,3.2916666666666665,5.8,0.8438610367088663,False,-
2025-02-14,24,0.8,1.9833333333333334,2.6,0.6377042156569664,False,-
2025-02-15,24,-2.1,0.31666666666666665,3.2,1.3550763388303888,False,-
2025-02-16,24,-4.6,-2.2041666666666666,-0.1,1.4956397981456304,False,-
2025-02-17,24,-4.6,-1.7125000000000001,1.2,1.67962534642337,False,-
2025-02-18,24,-5.7,-2.379166666666667,0.3,1.808429336929333,False,-
2025-02-19,24,-8.0,-3.5,2.8,3.719864420156711,False,-
2025-02-20,24,-7.4,-2.1125000000000003,3.5,4.22099437079237,False,-
2025-02-21,24,3.1,4.695833333333334,6.8,1.3588611493410225,False,-
2025-02-22,24,-1.4,2.5708333333333333,7.7,3.0808636799593634,False,-
2025-02-23,24,0.6,4.604166666666667,9.0,2.932943197046518,False,-
2025-02-24,24,-0.8,4.5375000000000005,11.5,4.2471281857376235,False,-
2025-02-25,24,4.8,7.891666666666667,13.1,2.8049516258196694,False,-
2025-02-26,24,6.0,7.983333333333333,11.2,1.8581586646969646,False,-
2025-02-27,24,6.8,8.512500000000001,11.8,1.561580164031182,False,-
2025-02-28,24,1.0,5.108333333333333,10.0,2.959864372137561,False,-
2025-03-01,24,1.6,4.7625,6.7,1.6444405682811087,False,-
2025-03-02,24,0.6,5.041666666666667,8.9,2.559537435564866,False,-
2025-03-03,24,-1.9,3.470833333333333,10.5,4.446149205056347,False,-
2025-03-04,24,-0.9,4.495833333333334,12.3,4.5689385282976085,False,-
2025-03-05,24,-2.0,4.845833333333333,13.8,5.641999273050419,False,-
2025-03-06,24,0.0,6.358333333333333,15.1,5.2641458836223345,False,-
2025-03-07,24,1.0,7.1625000000000005,15.5,4.899850263905588,False,-
2025-03-08,24,0.6,6.870833333333334,14.8,4.932102397352574,False,-
2025-03-09,24,1.7,8.3375,16.4,5.055845734094003,False,-
2025-03-10,24,2.2,8.8125,16.5,5.215804785957521,False,-
2025-03-11,24,9.9,12.466666666666667,16.6,2.077554303516029,False,-
2025-03-12,24,4.5,9.358333333333333,15.0,3.706154301988103,False,-
2025-03-13,24,4.6,6.425,8.5,1.027978176049852,False,-
2025-03-14,24,5.6,7.120833333333334,8.9,1.2218941698522179,False,-
2025-03-15,24,4.2,6.704166666666667,9.9,1.7238680385959808,False,-
2025-03-16,24,0.6,5.1625000000000005,10.0,2.880792840747899,False,-
2025-03-17,24,1.3,4.191666666666666,5.6,1.1934300827106885,False,-
2025-03-18,24,-3.9,1.4041666666666668,7.6,4.002551269711192,False,-
2025-03-19,24,-2.9,3.4458333333333333,11.7,5.198911187569171,False,-
2025-03-20,24,-0.9,5.716666666666666,14.0,5.261977365696422,False,-
2025-03-21,24,2.2,9.0375,17.9,5.65107242611678,False,-
2025-03-22,24,5.0,10.9,18.0,4.600189032032791,False,-
2025-03-23,24,8.1,11.15,15.25,2.00645696819478,False,-
2025-03-24,24,7.4,11.708333333333334,16.0,2.996471354728782,False,-
2025-03-25,24,7.3,12.066666666666668,18.3,3.2827502608883177,False,-
2025-03-26,24,6.1,9.612499999999999,12.2,1.9177234011917,False,-
2025-03-27,24,8.5,10.7125,14.3,2.271623150773568,False,-
2025-03-28,24,2.3,8.270833333333334,14.7,4.241664887104208,False,-
2025-03-29,24,10.4,12.179166666666667,15.4,1.6983314488476413,False,-
2025-03-30,22,7.7,11.577272727272728,15.9,2.2807542232427904,False,-
2025-03-31,24,6.7,8.950000000000001,11.7,1.6576568061443002,False,-
2025-04-01,24,6.9,9.6625,14.2,2.6222812007205056,False,-
2025-04-02,24,6.8,11.5625,17.6,3.8515736479025575,False,-
2025-04-03,24,3.4,10.85,19.1,5.520318201288605,False,-
2025-04-04,24,5.4,12.604166666666666,19.9,5.158907802058972,False,-
2025-04-05,24,6.5,10.945833333333333,15.0,2.770493468314086,False,-
2025-04-06,24,0.2,4.608333333333333,8.8,2.680025416275759,False,-
2025-04-07,24,3.1,7.166666666666667,12.4,3.235491585076594,False,-
2025-04-08,24,7.2,10.1875,15.0,2.620539688856012,False,-
2025-04-09,24,5.1,9.783333333333333,15.5,3.941161456117778,False,-
2025-04-10,24,8.7,11.420833333333334,14.8,1.8490841838165666,False,-
2025-04-11,24,4.5,11.191666666666668,19.5,5.323689197038711,False,-
2025-04-12,24,9.7,14.729166666666666,21.6,4.349960436268524,False,-
2025-04-13,24,7.1,14.879166666666668,22.9,5.525276240717008,False,-
2025-04-14,24,12.6,18.683333333333334,23.8,3.6260730545731494,False,-
2025-04-15,24,14.4,17.941666666666666,21.6,2.5632717996421266,False,-
2025-04-16,24,10.9,16.462500000000002,26.0,5.869805751915253,False,-
2025-04-17,24,14.0,20.720833333333335,27.9,4.821056998181014,False,A
2025-04-18,24,11.8,16.041666666666668,22.4,3.0327081693726683,False,-
2025-04-19,24,9.0,13.266666666666666,19.0,3.4473262060638374,False,-
2025-04-20,24,7.5,14.445833333333333,23.6,5.953221938519961,False,-
2025-04-21,24,11.0,16.845833333333335,21.5,3.5883845422680687,False,-
2025-04-22,24,10.1,15.579166666666666,22.1,4.124263219224651,False,-
2025-04-23,18,9.1,13.522222222222222,22.5,4.108893590243937,False,-
2025-04-24,21,13.9,14.952380952380953,16.9,0.8823939299536504,False,-
2025-04-25,24,12.3,12.958333333333334,14.2,0.44907311951024936,False,-
2025-04-26,24,7.7,12.854166666666666,18.5,3.4592006071605206,False,-
2025-04-27,24,5.9,11.858333333333334,18.1,4.157226988256,False,-
2025-04-28,24,5.6,13.504166666666668,21.6,5.622043506449039,False,-
2025-04-29,24,7.9,15.404166666666667,23.1,5.451643483085323,False,-
2025-04-30,24,9.0,16.554166666666667,24.3,5.506042464709878,False,-
2025-05-01,24,11.2,17.816666666666666,25.3,4.9965785395057365,False,-
2025-05-02,24,12.9,20.191666666666666,29.1,6.16278569611437,False,-
2025-05-03,24,14.1,19.570833333333333,26.7,3.8370594681759678,False,A
2025-05-04,24,13.3,15.754166666666668,18.6,1.5684329389737928,False,-
2025-05-05,24,8.1,12.466666666666667,17.3,2.898825349309112,False,-
2025-05-06,24,8.2,11.929166666666667,16.4,2.8926412132177397,False,-
2025-05-07,24,4.5,11.35,17.3,4.545135957214615,False,-
2025-05-08,24,8.5,12.825000000000001,16.1,2.4788233534060695,False,-
2025-05-09,24,5.0,11.5375,17.7,4.040857905036461,False,-
2025-05-10,24,3.9,12.424999999999999,21.9,6.359877630761529,False,-
2025-05-11,24,8.6,15.15,20.5,3.5404494924649965,False,-
2025-05-12,24,8.9,14.170833333333334,19.4,3.4650402051330382,False,-
2025-05-13,24,6.9,13.674999999999999,20.1,4.410289352629034,False,-
2025-05-14,24,6.8,15.325000000000001,24.2,6.321684558104265,False,-
2025-05-15,24,13.4,15.7125,19.1,1.4765743256370252,False,-
2025-05-16,24,9.5,12.595833333333333,17.9,2.7475647979329954,False,-
2025-05-17,24,9.9,14.049999999999999,18.8,3.3115082600714962,False,-
2025-05-18,24,8.7,12.829166666666666,17.3,2.9028440576766097,False,-
2025-05-19,24,11.4,14.333333333333334,18.0,2.6087922687422376,False,-
2025-05-20,24,14.3,17.758333333333333,23.0,3.1491774863573045,False,-
2025-05-21,24,11.2,17.462500000000002,24.3,4.722086173089916,False,-
2025-05-22,24,13.0,15.558333333333332,18.7,1.9208052357340106,False,-
2025-05-23,24,4.5,11.608333333333334,18.0,4.663635143707447,False,-
2025-05-24,24,5.1,12.5625,19.6,5.197893595110134,False,-
2025-05-25,24,7.7,13.529166666666667,18.2,3.833318367960707,False,-
2025-05-26,24,13.7,17.091666666666665,21.9,2.8038663781761537,False,-
2025-05-27,24,12.7,17.7,22.8,3.5267918664935736,False,-
2025-05-28,24,14.7,17.241666666666667,20.1,1.8127367411606203,False,-
2025-05-29,24,12.6,16.275000000000002,21.2,3.0157917700000443,False,-
2025-05-30,24,15.5,20.287499999999998,27.4,4.495148350794685,False,A
2025-05-31,24,14.5,21.358333333333334,30.4,4.998253318098641,False,B
2025-06-01,24,17.1,22.037499999999998,28.1,4.075250059012118,False,A
2025-06-02,24,15.2,20.016666666666666,26.0,3.9303353841477766,False,A
2025-06-03,24,16.6,21.570833333333336,27.0,3.848712847136058,False,A
2025-06-04,24,16.2,23.441666666666666,31.6,5.664221552614395,False,B
2025-06-05,24,17.8,21.40416666666667,26.1,2.2762438867318378,False,A
2025-06-06,24,14.5,20.433333333333334,27.7,4.186797745571052,False,A
2025-06-07,24,17.7,19.658333333333335,21.4,1.1735922803851908,False,-
2025-06-08,24,13.5,16.966666666666665,21.5,2.5139033682557366,False,-
2025-06-09,24,10.0,15.674999999999999,22.2,4.124080925280307,False,-
2025-06-10,24,10.1,17.8875,25.8,5.9661590950817,False,-
2025-06-11,24,15.4,18.912499999999998,22.3,1.995279755910891,False,-
2025-06-12,24,10.3,17.695833333333333,25.2,5.07701377195096,False,-
2025-06-13,24,12.6,19.650000000000002,26.7,4.699861237544563,False,-
2025-06-14,24,12.7,20.683333333333334,29.7,5.645903991749947,False,-
2025-06-15,24,15.8,23.52916666666667,33.5,5.856878465728891,False,C
2025-06-16,24,16.7,20.541666666666668,23.6,1.9198996048631352,False,-
2025-06-17,24,12.9,19.741666666666667,26.7,4.862090860548772,False,-
2025-06-18,24,14.8,22.400000000000002,29.8,5.423459508789408,False,A
2025-06-19,24,18.5,23.066666666666666,26.4,2.4559894254599337,False,A
2025-06-20,24,13.2,19.845833333333335,25.7,3.759160309415395,False,-
2025-06-21,24,12.6,20.241666666666667,27.4,5.146203046625878,False,-
2025-06-22,24,13.8,22.045833333333334,31.1,6.144702855989522,False,B
2025-06-23,24,17.5,22.979166666666668,31.0,4.217044005571621,False,B
2025-06-24,24,16.2,22.325,29.9,4.7130946170817785,False,A
2025-06-25,24,19.0,25.879166666666666,32.3,4.633148911979813,False,B
2025-06-26,24,19.3,27.204166666666666,34.9,5.436709296165695,False,C
2025-06-27,24,20.9,24.3875,28.7,2.394978896158269,False,A
2025-06-28,24,19.4,24.125,31.2,4.313905725522484,False,B
2025-06-29,24,20.5,27.4375,32.7,3.9880051131623055,False,B
2025-06-30,24,21.7,25.787499999999998,29.7,2.6382326923776893,False,A
2025-07-01,23,15.2,23.782608695652176,32.3,5.889949233761237,False,B
2025-07-02,24,17.6,26.0625,34.9,6.051360788393329,False,C
2025-07-03,24,20.1,25.0625,30.4,3.1939906209875644,False,B
2025-07-04,24,18.8,22.9875,27.2,2.7905605639135604,False,A
2025-07-05,24,14.9,23.816666666666666,32.7,6.188394936011919,False,B
2025-07-06,24,18.9,25.766666666666666,31.8,4.507546008028399,False,B
2025-07-07,24,19.7,23.675,28.3,2.5651934413030824,False,A
2025-07-08,24,16.5,18.916666666666668,22.0,1.3467082788806939,False,-
2025-07-09,24,16.0,19.204166666666666,24.2,2.8194170175482345,False,-
2025-07-10,24,16.9,20.604166666666668,25.7,2.996153935597621,False,-
2025-07-11,24,17.9,21.445833333333336,25.7,2.558698576580896,False,-
2025-07-12,24,16.8,18.745833333333334,21.3,1.4747082737794706,False,-
2025-07-13,24,16.0,20.791666666666668,28.8,4.78020525907001,False,A
2025-07-14,24,16.1,23.27916666666667,31.4,5.524804082040156,False,B
2025-07-15,24,19.3,23.020833333333332,28.1,2.796889447173438,False,A
2025-07-16,24,15.4,19.804166666666667,24.8,3.1002775705560235,False,-
2025-07-17,24,16.2,19.825,24.7,2.669676743173876,False,-
2025-07-18,24,17.3,20.866666666666667,25.8,3.0424056080769315,False,-
2025-07-19,24,16.1,22.566666666666666,30.0,4.745493667146501,False,A
2025-07-20,24,17.2,24.608333333333334,33.3,5.583665358935806,False,C
2025-07-21,24,20.2,24.066666666666666,29.8,3.184018061269873,False,A
2025-07-22,24,16.3,21.210416666666667,26.65,3.728561302172457,False,A
2025-07-23,24,18.8,22.662499999999998,28.4,3.451220641025938,False,A
2025-07-24,24,16.0,21.766666666666666,27.3,3.966453532210909,False,A
2025-07-25,24,17.1,22.041666666666668,27.4,3.511090090440349,False,A
2025-07-26,24,18.2,22.458333333333332,27.3,3.0305569392966114,False,A
2025-07-27,24,19.0,22.104166666666668,26.8,2.7766854132324688,False,A
2025-07-28,24,18.9,21.158333333333335,24.1,1.574226287989469,False,-
2025-07-29,24,17.2,20.099999999999998,24.1,2.595816031533287,False,-
2025-07-30,24,14.5,19.037499999999998,23.0,2.695860353111464,False,-
2025-07-31,24,14.7,18.870833333333334,24.4,3.554847170526056,False,-
2025-08-01,23,16.2,20.069565217391304,24.8,2.8403640583892984,False,-
2025-08-02,24,15.1,19.1125,25.1,3.161770623916427,False,-
2025-08-03,24,16.2,19.220833333333335,23.4,2.3407503751661713,False,-
2025-08-04,24,15.6,18.695833333333333,22.6,2.273568190937007,False,-
2025-08-05,24,14.9,20.087500000000002,29.0,4.801296247074732,False,A
2025-08-06,24,13.9,18.558333333333334,24.6,3.8066208530454655,False,-
2025-08-07,24,11.5,19.212500000000002,27.6,5.708522423610997,False,-
2025-08-08,24,15.2,22.483333333333334,30.4,5.326199939647541,False,B
2025-08-09,24,17.3,23.666666666666668,32.2,5.105722847658445,False,B
2025-08-10,24,18.5,23.52916666666667,27.7,3.1716789089454305,False,A
2025-08-11,24,13.3,20.5,27.1,4.614721245526435,False,A
2025-08-12,24,13.5,21.3,29.7,5.762396844309176,False,A
2025-08-13,24,16.0,23.704166666666666,32.9,6.015738717633985,False,B
2025-08-14,24,19.5,26.84583333333333,34.5,5.321978968854305,False,C
2025-08-15,24,20.3,27.504166666666666,34.6,5.184716600922759,False,C
2025-08-16,24,23.6,26.070833333333336,31.2,2.0240895251438604,False,B
2025-08-17,24,15.9,20.462500000000002,24.1,2.7141837591181743,False,-
2025-08-18,24,12.8,19.337500000000002,26.1,4.672845934806194,False,-
2025-08-19,24,14.1,20.912499999999998,27.2,4.492439300598864,False,A
2025-08-20,24,14.8,21.8625,29.2,5.102668739088358,False,A
2025-08-21,24,18.5,23.045833333333334,27.4,2.942489210451448,False,A
2025-08-22,24,15.4,19.670833333333334,23.7,2.20680354450911,False,-
2025-08-23,24,14.8,16.883333333333333,20.7,2.0459220663185773,False,-
2025-08-24,24,8.2,14.979166666666666,22.3,5.143165931321043,False,-
2025-08-25,24,12.7,18.320833333333333,24.0,3.6436936785614136,False,-
2025-08-26,24,11.1,18.241666666666667,26.3,5.330218746360977,False,-
2025-08-27,24,14.2,19.416666666666668,27.4,4.6034643539372615,False,A
2025-08-28,24,16.2,22.47083333333333,30.8,4.80438922206574,False,B
2025-08-29,24,18.0,21.833333333333332,27.2,3.056093935880822,False,A
2025-08-30,24,17.9,21.541666666666668,26.3,3.010404662480454,False,A
2025-08-31,24,13.8,19.458333333333332,25.8,3.9312479119139163,False,-
2025-09-01,24,13.9,19.933333333333334,26.8,4.651008929035831,False,A
2025-09-02,24,19.0,20.195833333333333,22.6,1.0411027459075473,False,-
2025-09-03,24,14.1,19.5125,26.4,4.030353582503649,False,A
2025-09-04,24,14.9,20.8,28.1,4.9108575360246824,False,A
2025-09-05,24,17.4,20.729166666666668,23.3,1.6976913138440237,False,-
2025-09-06,24,15.8,18.458333333333332,22.6,2.5801780637350786,False,-
2025-09-07,24,11.6,16.691666666666666,22.2,3.6279011379400434,False,-
2025-09-08,24,12.4,17.166666666666668,23.1,3.8369674015529127,False,-
2025-09-09,24,11.2,17.341666666666665,24.3,4.787203655640703,False,-
2025-09-10,24,15.1,21.349999999999998,23.7,2.291003197765973,False,-
2025-09-11,24,13.9,18.462500000000002,24.1,3.1693933722127485,False,-
2025-09-12,24,12.3,17.495833333333334,23.0,3.4282051542622343,False,-
2025-09-13,24,19.6,19.6,19.6,0.0,True,-
2025-09-14,24,19.6,19.6,19.6,0.0,True,-
2025-09-15,24,14.7,20.691666666666666,24.9,2.6478730868487586,False,-
2025-09-16,24,14.7,18.204166666666666,20.8,2.035015044633346,False,-
2025-09-17,24,13.6,18.270833333333332,20.8,1.715778227958449,False,-
2025-09-18,24,12.5,18.016666666666666,26.7,4.899216145525703,False,-
2025-09-19,24,14.2,19.891666666666666,26.6,4.303983661948411,False,A
2025-09-20,24,12.9,19.116666666666667,26.9,4.913837309216625,False,-
2025-09-21,24,15.6,20.5125,27.3,3.99023945015399,False,A
2025-09-22,24,12.4,16.920833333333334,23.0,2.8328782669508263,False,-
2025-09-23,24,12.2,13.920833333333334,17.4,1.632543805036274,False,-
2025-09-24,24,11.6,14.654166666666667,17.6,2.0780381983070457,False,-
2025-09-25,24,10.2,11.908333333333333,15.8,1.5156908789656653,False,-
2025-09-26,3,11.3,11.333333333333334,11.4,0.05773502691896237,False,-
2025-10-01,21,7.8,10.561904761904762,14.0,2.0807393374654573,False,-
2025-10-02,24,8.4,11.516666666666666,15.5,2.124528933294578,False,-
2025-10-03,24,4.3,9.091666666666667,14.3,3.240627511249429,False,-
2025-10-04,24,3.0,8.345833333333333,14.4,4.411445505644988,False,-
2025-10-05,24,8.0,11.354166666666666,14.5,1.872449956762452,False,-
2025-10-06,24,10.5,12.4375,15.5,1.7437621746497227,False,-
2025-10-07,24,10.4,13.908333333333333,17.5,2.3293807101359865,False,-
2025-10-08,24,13.8,15.704166666666666,18.0,1.7598120370644994,False,-
2025-10-09,24,13.2,16.05,18.3,1.1598350707339162,False,-
2025-10-10,24,10.7,13.908333333333333,15.9,1.6636567023242523,False,-
2025-10-11,24,14.5,15.799999999999999,18.0,1.2724505628049394,False,-
2025-10-12,24,13.9,15.266666666666667,17.6,1.2606646510150281,False,-
2025-10-13,24,13.0,14.85,17.0,1.2190516627779722,False,-
2025-10-14,24,6.1,10.733333333333334,16.8,3.725781699907057,False,-
2025-10-15,24,12.7,13.670833333333334,15.5,1.031452823708497,False,-
2025-10-16,24,11.5,13.370833333333332,16.8,1.6627580980869172,False,-
2025-10-17,24,12.2,13.429166666666667,15.6,1.0646408525542952,False,-
2025-10-18,24,7.9,10.9125,12.4,1.2022849622426388,False,-
2025-10-19,24,0.8,5.7250000000000005,11.4,3.8404313616413273,False,-
2025-10-20,24,2.7,8.095833333333333,13.9,3.6124758662249876,False,-
2025-10-21,24,9.2,12.345833333333333,17.8,3.1564949144466454,False,-
2025-10-22,24,10.0,12.870833333333332,15.0,1.5710642105347534,False,-
2025-10-23,24,11.1,13.679166666666667,18.0,2.1607122752073877,False,-
2025-10-24,24,8.95,11.50625,12.7,0.8796383273576263,False,-
2025-10-25,24,6.25,9.489583333333334,13.95,2.7094431951115405,False,-
2025-10-26,25,8.1,10.458,12.6,1.4522740788157031,False,-
2025-10-27,24,6.7,9.0,11.5,1.5345300937732214,False,-
2025-10-28,24,7.3,10.549999999999999,13.4,2.2715633383201097,False,-
2025-10-29,24,10.0,12.654166666666667,15.5,1.9171943193038665,False,-
2025-10-30,24,7.5,11.354166666666666,16.6,2.862953653692006,False,-
2025-10-31,24,2.5,7.1499999999999995,13.0,3.3159692661291427,False,-
2025-11-01,24,5.8,9.841666666666667,15.0,3.329436127565182,False,-
2025-11-02,24,11.6,12.395833333333334,13.3,0.4903230227785212,False,-
2025-11-03,24,6.6,10.9,13.8,1.7510245448084785,False,-
2025-11-04,24,5.9,9.441666666666666,15.1,3.0502910291181795,False,-
2025-11-05,24,5.0,7.241666666666667,11.4,1.9368097180822834,False,-
2025-11-06,24,4.1,7.208333333333333,10.9,1.955797772658572,False,-
2025-11-07,24,2.5,6.645833333333333,11.6,3.168455825609784,False,-
2025-11-08,24,2.5,6.479166666666667,11.3,2.9470662149606204,False,-
2025-11-09,24,7.0,8.183333333333334,8.9,0.6019292654288457,False,-
2025-11-10,24,6.9,9.391666666666667,13.0,1.5460796612207859,False,-
2025-11-11,24,5.5,8.008333333333333,11.8,2.1884909763632083,False,-
2025-11-12,24,4.5,6.425,10.5,1.7154667256920262,False,-
2025-11-13,24,6.8,8.424999999999999,12.3,1.6256771164522563,False,-
2025-11-14,24,4.0,7.0375000000000005,11.1,1.9960422797648083,False,-
2025-11-15,24,6.0,8.304166666666667,10.2,1.2633561812013703,False,-
2025-11-16,24,7.8,9.25,11.4,0.9969518762098107,False,-
2025-11-17,24,5.0,7.520833333333333,9.5,1.5231486743118572,False,-
2025-11-18,24,1.0,3.4916666666666667,6.1,1.543264937289339,False,-
2025-11-19,24,-0.7,1.741666666666667,5.7,2.0110383791262767,False,-
2025-11-20,24,1.1,3.5875,6.6,1.7683970880064142,False,-
2025-11-21,24,0.0,1.4749999999999999,2.8,0.8974601844141586,False,-
2025-11-22,24,-2.8,-0.029166666666666657,2.5,1.3595009207879147,False,-
2025-11-23,24,-6.7,-3.858333333333333,-0.2,1.985144100928009,False,-
2025-11-24,24,-4.2,1.2541666666666667,4.0,2.5865839763415117,False,-
2025-11-25,24,2.7,3.2375000000000003,4.0,0.37161515858069677,False,-
2025-11-26,24,2.8,3.204166666666667,3.6,0.2475605620531226,False,-
2025-11-27,24,3.3,4.208333333333333,6.0,0.7655158344238369,False,-
2025-11-28,24,-1.4,2.066666666666667,6.3,2.815124781645013,False,-
2025-11-29,24,3.9,5.645833333333333,7.5,1.303166433585207,False,-
2025-11-30,24,5.5,6.066666666666666,6.5,0.34092797488321647,False,-
2025-12-01,23,5.1,6.743478260869565,9.0,1.2518444889465818,False,-
2025-12-02,24,5.4,6.0874999999999995,6.6,0.32210246816812843,False,-
2025-12-03,24,3.7,4.7,6.0,0.6978227007909178,False,-
2025-12-04,24,4.0,5.091666666666667,6.3,0.9486451055225469,False,-
2025-12-05,24,5.1,6.516666666666667,7.6,0.6471789394828489,False,-
2025-12-06,24,2.9,4.708333333333333,5.9,0.8319263484680373,False,-
2025-12-07,24,4.8,7.854166666666667,11.2,2.2776760022036693,False,-
2025-12-08,24,8.2,11.145833333333334,15.0,2.5153406142701833,False,-
2025-12-09,24,10.7,12.825000000000001,14.8,1.1429367208319483,False,-
2025-12-10,24,5.2,9.254166666666666,12.8,2.855502570045461,False,-
2025-12-11,24,6.4,10.566666666666666,12.6,1.5763652927643015,False,-
2025-12-12,24,3.2,4.741666666666666,6.5,1.0684880283216402,False,-
2025-12-13,24,2.9,4.254166666666666,5.4,0.8048651880995307,False,-
2025-12-14,24,4.5,5.1125,5.5,0.27868089901939963,False,-
2025-12-15,24,3.2,3.654166666666667,4.2,0.2587245751703952,False,-
2025-12-16,24,2.4,3.2291666666666665,3.9,0.4947367913887374,False,-
2025-12-17,24,2.5,3.716666666666667,5.2,0.7458095494547995,False,-
2025-12-18,24,2.5,4.095833333333333,5.2,0.6962503089791942,False,-
2025-12-19,24,3.4,3.9333333333333336,4.6,0.398548089582857,False,-
2025-12-20,24,3.6,4.520833333333333,5.9,0.7517973632318209,False,-
2025-12-21,24,4.4,4.704166666666667,5.0,0.21157621027332732,False,-
2025-12-22,24,4.6,5.479166666666667,6.7,0.7336502938206926,False,-
2025-12-23,24,5.0,5.616666666666667,6.1,0.40718190216324124,False,-
2025-12-24,24,6.0,6.0,6.0,0.0,True,-
2025-12-25,24,6.0,6.0,6.0,0.0,True,-
2025-12-26,24,6.0,6.0,6.0,0.0,True,-
2025-12-27,24,6.0,6.0,6.0,0.0,True,-
2025-12-28,24,6.0,6.0,6.0,0.0,True,-
2025-12-29,24,-4.5,3.5666666666666664,6.0,3.162506802421509,False,-
2025-12-30,24,-0.1,2.316666666666667,4.0,1.1871290419827325,False,-
2025-12-31,24,-2.5,1.6104166666666666,2.5,1.669286437417176,False,-
2026-01-01,24,2.5,2.5,2.5,0.0,True,-
2026-01-02,24,1.7,2.9791666666666665,4.9,0.9408502938099763,False,-
2026-01-03,24,1.7,1.7,1.7,0.0,True,-
2026-01-04,24,1.7,1.7,1.7,0.0,True,-
2026-01-05,24,-5.1,0.037500000000000026,1.7,2.124968030450054,False,-
2026-01-06,24,-7.1,-1.5458333333333334,0.2,2.4425537538772226,False,-
2026-01-07,24,-2.7,-1.0916666666666666,-0.3,0.6460021985873656,False,-
2026-01-08,24,-5.7,-1.5875000000000001,0.2,1.5445028748548133,False,-
2026-01-09,24,-0.9,-0.37916666666666665,0.6,0.4393465173628221,False,-
2026-01-10,24,-0.6,-0.6,-0.6,0.0,True,-
2026-01-11,24,-0.6,-0.6,-0.6,0.0,True,-
2026-01-12,24,-8.0,-2.0833333333333335,-0.6,2.0403892780048376,False,-
2026-01-13,24,-2.2,1.3,4.9,3.2493477606383125,False,-
2026-01-14,24,4.9,4.9,4.9,0.0,True,-
2026-01-15,24,4.9,4.9,4.9,0.0,True,-
2026-01-16,24,4.9,4.9,4.9,0.0,True,-
2026-01-17,24,4.9,4.9,4.9,0.0,True,-
2026-01-18,24,4.9,4.9,4.9,0.0,True,-
2026-01-19,24,-0.4,4.054166666666667,4.9,1.938843036153412,False,-
2026-01-20,24,-5.1,-1.2249999999999999,0.7,1.5501051857717663,False,-
2026-01-21,24,-3.2,-2.154166666666667,-0.4,0.719890792845129,False,-
2026-01-22,24,-4.7,-2.475,-1.1,0.9732286026640802,False,-
2026-01-23,24,-3.4,-1.7333333333333334,-0.8,0.7007242629976669,False,-
2026-01-24,24,-1.1,-1.1,-1.1,0.0,True,-
2026-01-25,24,-1.1,-1.1,-1.1,0.0,True,-
2026-01-26,24,-1.1,2.308333333333333,6.6,3.10188114966816,False,-
2026-01-27,24,2.1,3.8083333333333336,5.5,0.9491033144232903,False,-
2026-01-28,24,2.1,3.0833333333333335,4.6,0.9963702239571419,False,-
2026-01-29,24,2.2,3.3375,4.1,0.7215999734888645,False,-
2026-01-30,24,2.4,2.908333333333333,3.5,0.2842483094923792,False,-
2026-01-31,24,3.1,3.1,3.1,0.0,True,-
2026-02-01,23,3.1,3.1,3.1,0.0,True,-
2026-02-02,24,-1.2,1.9583333333333333,3.1,1.3321824743358306,False,-
2026-02-03,24,1.8,2.4875000000000003,3.1,0.3779952840745616,False,-
2026-02-04,24,2.8,3.420833333333333,4.6,0.624833311105183,False,-
2026-02-05,24,3.7,5.741666666666667,8.1,1.868716524589902,False,-
2026-02-06,24,6.2,7.175,8.2,0.4874512238698082,False,-
2026-02-07,24,6.8,6.8,6.8,0.0,True,-
2026-02-08,24,6.8,6.8,6.8,0.0,True,-
2026-02-09,24,3.9,5.970833333333334,6.8,0.9364498949741523,False,-
2026-02-10,24,4.3,5.716666666666666,7.3,0.8143638043264825,False,-
2026-02-11,24,4.6,6.295833333333333,8.9,1.787025502036145,False,-
2026-02-12,24,6.8,9.887500000000001,14.0,1.7263463554948737,False,-
2026-02-13,24,7.6,9.729166666666666,11.0,1.046517689942372,False,-
2026-02-14,24,7.6,7.599999999999999,7.6,0.0,True,-
2026-02-15,24,7.6,7.599999999999999,7.6,0.0,True,-
2026-02-16,24,-2.0,4.05,7.6,3.2678938836477855,False,-
2026-02-17,24,1.3,4.0125,7.6,2.3712613594419762,False,-
2026-02-18,24,3.5,4.8374999999999995,6.6,0.9030443679215225,False,-
2026-02-19,24,-0.3,2.954166666666667,4.5,1.265934666446158,False,-
2026-02-20,24,-1.5,1.3708333333333333,2.9,1.4866007816686937,False,-
2026-02-21,24,-0.5,-0.5,-0.5,0.0,True,-
2026-02-22,24,-0.5,-0.5,-0.5,0.0,True,-
2026-02-23,24,-0.5,6.520833333333333,14.1,6.188978925875216,False,-
2026-02-24,24,5.9,9.833333333333334,11.5,1.3598806426737755,False,-
2026-02-25,24,2.9,8.95,13.9,2.640981372273507,False,-
2026-02-26,24,1.8,8.895833333333334,13.1,2.8971468973677426,False,-
2026-02-27,24,4.4,10.0875,13.9,2.2049967958174492,False,-
2026-02-28,24,11.8,11.800000000000002,11.8,0.0,True,-
2026-03-01,24,11.8,11.800000000000002,11.8,0.0,True,-
2026-03-02,24,1.7,8.0625,11.8,3.4624460441565947,False,-
2026-03-03,24,3.4,6.333333333333333,9.9,1.8588604893430223,False,-
2026-03-04,24,2.6,7.9125000000000005,12.8,2.6454739856395584,False,-
2026-03-05,24,1.3,8.625,12.4,2.6518656271289136,False,-
2026-03-06,24,1.3,9.170833333333333,14.7,3.5127691500366587,False,-
2026-03-07,24,11.0,11.0,11.0,0.0,True,-
2026-03-08,24,11.0,11.0,11.0,0.0,True,-
2026-03-09,24,4.6,12.104166666666666,18.1,3.297361153969966,False,-
2026-03-10,24,7.4,13.65,18.1,2.5563220862590184,False,-
2026-03-11,24,6.3,13.799999999999999,17.7,2.650348623499738,False,-
2026-03-12,24,10.0,12.408333333333333,14.3,1.3513010370578509,False,-
2026-03-13,24,3.4,10.9375,16.0,3.043426629996838,False,-
2026-03-14,24,12.0,12.0,12.0,0.0,True,-
2026-03-15,24,12.0,12.0,12.0,0.0,True,-
2026-03-16,24,6.8,10.275,12.0,1.939800527620436,False,-
2026-03-17,24,1.8,6.45,11.3,3.276265105799325,False,-
2026-03-18,24,1.3,7.808333333333334,15.8,5.099950269720597,False,-
2026-03-19,24,3.6,9.15,14.9,4.108316062520655,False,-
2026-03-20,24,2.2,8.725,15.4,4.4144279259088,False,-
2026-03-21,24,7.9,10.304166666666667,13.2,1.686385165831409,False,-
2026-03-22,24,3.9,8.870833333333334,14.7,3.9843693698454103,False,-
2026-03-23,24,2.4,8.933333333333334,15.9,4.58605321141949,False,-
2026-03-24,24,2.5,9.608333333333333,17.1,5.523539875263252,False,-
2026-03-25,24,7.6,11.020833333333334,16.1,3.0589823779168452,False,-
2026-03-26,24,5.7,7.5125,9.4,1.2379198892391678,False,-
2026-03-27,24,2.5,5.4750000000000005,9.6,2.313711492292247,False,-
2026-03-28,24,-1.0,5.583333333333333,12.4,4.826256688489372,False,-
2026-03-29,22,6.1,8.045454545454545,10.9,1.6014063083746621,False,-
2026-03-30,24,2.4,6.016666666666667,9.4,2.4282157820214354,False,-
2026-03-31,24,5.0,7.683333333333334,10.7,1.9381000707027418,False,-
2026-04-01,23,5.6,8.843478260869565,12.3,2.3529142639707117,False,-
2026-04-02,24,0.9,7.854166666666667,14.7,4.7272548488310955,False,-
2026-04-03,24,1.6,9.012500000000001,15.8,5.157207914973069,False,-
2026-04-04,24,8.0,12.629166666666668,17.4,2.8769668760340457,False,-
2026-04-05,24,7.7,15.608333333333334,23.9,5.862253363063867,False,-
2026-04-06,24,9.8,13.979166666666666,20.3,2.767510129853291,False,-
2026-04-07,24,3.0,9.741666666666667,16.1,4.311654243888369,False,-
2026-04-08,24,1.7,8.645833333333334,14.8,4.361987896108505,False,-
2026-04-09,24,1.7,8.308333333333334,14.3,4.2720442786610455,False,-
2026-04-10,24,3.6,5.908333333333334,9.3,1.7567055794166595,False,-
2026-04-11,24,4.0,7.7749999999999995,14.0,3.575064608719924,False,-
2026-04-12,24,4.8,9.495833333333334,14.6,3.1320890606842537,False,-
2026-04-13,24,8.5,13.466666666666667,19.5,3.909260651399406,False,-
2026-04-14,24,10.4,14.666666666666666,20.5,3.461548618838063,False,-
2026-04-15,24,11.3,14.095833333333333,19.0,2.7278721069515086,False,-
2026-04-16,24,12.5,16.629166666666666,21.0,3.0379454107736326,False,-
2026-04-17,24,10.2,15.5625,21.2,4.226604403372606,False,-
2026-04-18,24,7.4,14.975,22.3,5.275064392765844,False,-
2026-04-19,24,12.2,15.679166666666667,18.9,1.6937170767964413,False,-
2026-04-20,24,6.4,9.575000000000001,13.5,1.992431330986253,False,-
2026-04-21,24,7.3,10.154166666666667,14.8,2.8880532282621387,False,-
2026-04-22,24,2.2,9.299999999999999,16.3,5.0097296637990185,False,-
2026-04-23,24,7.0,13.2125,19.9,4.608339557613011,False,-
2026-04-24,24,7.1,13.133333333333333,18.7,3.662342641423438,False,-
2026-04-25,24,6.0,13.8125,22.5,6.150384399439564,False,-
2026-04-26,24,7.6,12.908333333333333,17.4,2.97656304086305,False,-
2026-04-27,24,3.7,11.291666666666666,18.7,5.118586478338711,False,-
2026-04-28,24,5.5,12.754166666666668,19.7,5.047511583781239,False,-
2026-04-29,24,5.7,11.458333333333334,15.9,3.1792693536704952,False,-
2026-04-30,24,1.7,9.329166666666667,17.8,5.0913805394118254,False,-
2026-05-01,23,4.8,13.326086956521738,23.6,6.496307859875229,False,-
2026-05-02,24,7.1,15.741666666666667,25.8,6.402507434534954,False,-
2026-05-03,24,8.9,17.8875,28.5,6.70109092351517,False,-
2026-05-04,24,12.6,19.675,26.1,4.471382433830194,False,-
2026-05-05,24,15.0,20.712500000000002,26.6,3.529418291767194,False,A
2026-05-06,24,13.2,18.412499999999998,23.6,3.288889398909739,False,-
2026-05-07,24,12.2,16.645833333333332,20.1,2.361462179072197,False,-
2026-05-08,24,11.5,14.508333333333333,18.4,2.326392367868191,False,-
2026-05-09,24,9.5,14.775,20.7,3.891937038679258,False,-
2026-05-10,24,8.0,15.020833333333334,22.8,5.250008626631976,False,-
2026-05-11,24,12.3,17.425,23.9,4.041765649467742,False,-
2026-05-12,24,9.0,11.445833333333333,16.4,1.7611703536264607,False,-
2026-05-13,24,7.3,11.808333333333332,17.3,3.988125490444883,False,-
2026-05-14,24,9.4,13.891666666666666,18.9,3.0329948847656323,False,-
2026-05-15,24,8.1,13.9375,19.4,3.8590168268051417,False,-
2026-05-16,24,11.3,13.929166666666667,17.4,2.2318795289809117,False,-
2026-05-17,24,8.4,14.066666666666668,19.1,3.5527902894175605,False,-
2026-05-18,24,6.6,14.25,22.4,5.595883580229154,False,-
2026-05-19,24,9.4,16.404166666666665,23.8,5.2525338950682245,False,-
2026-05-20,24,10.6,18.254166666666666,24.0,4.569081266861906,False,-
2026-05-21,24,14.0,19.091666666666665,23.6,3.303347007093768,False,-
2026-05-22,24,11.6,19.054166666666667,26.3,5.202088139823543,False,-
2026-05-23,24,13.2,20.820833333333333,28.6,5.338537429301961,False,A
2026-05-24,24,14.9,22.983333333333334,31.5,5.939892157318993,False,B
2026-05-25,24,18.7,23.96666666666667,29.2,3.428609385573194,False,A
2026-05-26,24,15.3,23.491666666666664,31.1,5.361206602238346,False,B
2026-05-27,24,16.6,22.95,27.9,4.285161455027356,False,A
2026-05-28,24,12.7,19.129166666666666,24.3,3.5590031783054656,False,-
2026-05-29,24,10.6,19.241666666666667,27.6,5.709253866324823,False,-
2026-05-30,24,16.5,22.483333333333334,28.0,4.454862186583249,False,A
2026-05-31,24,14.8,20.329166666666666,27.0,3.672160738959233,False,A
2026-06-01,24,17.0,20.108333333333334,25.2,2.962066943826585,False,-
2026-06-02,24,13.3,20.816666666666666,29.0,5.61307996261114,False,A
2026-06-03,24,17.3,20.583333333333332,23.8,2.040602354946816,False,-
2026-06-04,24,12.7,20.383333333333333,27.9,5.509648980112797,False,-
2026-06-05,24,15.1,19.1125,23.3,2.7728987344121228,False,-
2026-06-06,24,11.5,18.529166666666665,27.2,5.558266790119466,False,-
2026-06-07,24,16.1,21.3875,26.2,3.1937864266620006,False,A
2026-06-08,24,13.2,20.775000000000002,28.3,5.200522548995311,False,A
2026-06-09,24,18.0,20.6875,24.1,1.5543242625152172,False,-
2026-06-10,24,14.5,17.004166666666666,20.3,1.914584565374696,False,-
2026-06-11,24,12.9,15.512500000000001,19.1,2.1061633158526614,False,-
2026-06-12,24,11.0,15.4375,18.5,2.84479883907151,False,-
2026-06-13,24,16.4,20.129166666666666,25.9,3.556925781414726,False,-
2026-06-14,24,13.9,17.912499999999998,22.1,2.4730394079034568,False,-
2026-06-15,24,14.4,17.8,22.4,2.6467371216848012,False,-
2026-06-16,24,11.7,18.366666666666667,25.3,4.818773672849237,False,-
2026-06-17,24,15.6,21.7625,27.8,4.424910954643236,False,A
2026-06-18,24,20.5,25.558333333333334,32.2,4.0886817974231855,False,B
2026-06-19,24,19.3,26.525000000000002,34.0,5.300553703644308,False,C
2026-06-20,24,21.4,27.916666666666668,34.9,4.5975103533625,False,C
2026-06-21,24,20.0,26.179166666666664,33.7,4.235972160546804,False,C
2026-06-22,24,19.9,25.916666666666668,32.1,4.3950235362348185,False,B
2026-06-23,24,20.6,26.349999999999998,31.6,3.464478127460496,False,B
2026-06-24,24,18.7,25.96666666666667,33.2,4.871627410136001,False,C
2026-06-25,24,20.3,27.962500000000002,36.2,5.48197144005377,False,C
2026-06-26,24,21.6,29.27916666666667,37.1,5.445938188560643,False,C
2026-06-27,24,23.1,30.837500000000002,39.0,5.432895976884905,False,C
2026-06-28,24,23.8,31.545833333333334,39.7,5.451842860878343,False,C
2026-06-29,24,26.8,30.9375,34.7,2.2100191815024366,False,C
2026-06-30,24,23.2,27.25,30.7,2.6536275417689614,False,B
2026-07-01,24,21.5,23.55,26.6,1.339370390697905,False,A
2026-07-02,24,16.8,22.820833333333336,29.4,4.358298348295307,False,A
2026-07-03,24,18.5,22.179166666666664,25.8,2.170950336216571,False,-
2026-07-04,24,15.5,20.670833333333334,25.9,3.3195703187986987,False,-
2026-07-05,24,18.9,21.754166666666666,26.1,2.2186911861974266,False,A
2026-07-06,24,18.6,21.954166666666666,25.4,2.330138858834229,False,-
2026-07-07,24,19.9,25.40833333333333,30.5,3.7934631036614253,False,B
2026-07-08,24,19.1,22.679166666666664,27.3,2.310651925072356,False,A
2026-07-09,24,18.0,21.712500000000002,26.8,3.0416403612124348,False,A
2026-07-10,24,14.6,21.787499999999998,28.3,4.698409767977466,False,A
2026-07-11,24,16.0,22.620833333333334,28.1,4.107467130956017,False,A
2026-07-12,24,19.1,24.445833333333336,30.4,3.8930237679689292,False,B
2026-07-13,24,18.2,25.09583333333333,32.5,4.589636640601696,False,B
2026-07-14,24,21.4,25.52916666666667,31.1,2.9611218741590473,False,B
2026-07-15,24,19.3,23.958333333333332,30.4,3.786809677846498,False,B
2026-07-16,24,20.1,26.791666666666668,31.3,3.0112710975912487,False,B
2026-07-17,24,23.7,28.9875,31.2,1.7874714956681363,False,B
2026-07-18,24,26.6,26.600000000000005,26.6,0.0,True,A
2026-07-19,24,26.6,26.600000000000005,26.6,0.0,True,A
2026-07-20,24,17.7,24.17916666666667,26.6,2.801393933564949,False,A
2026-07-21,24,13.9,19.220833333333335,23.1,3.202984907682298,False,-
2026-07-22,24,13.1,19.933333333333334,26.0,4.550840024384095,False,A
2026-07-23,24,16.6,18.912499999999998,21.4,1.5853438798542405,False,-
2026-07-24,24,13.0,19.4875,26.8,4.390138405265979,False,A
2026-07-25,24,12.9,21.175,30.8,6.198614852284062,False,-
2026-07-26,24,15.7,23.808333333333334,32.5,6.311887794965299,False,B
2026-07-27,24,19.7,23.3,27.5,1.9087897372077323,False,A
2026-07-28,24,16.7,22.808333333333334,29.3,4.088256422939996,False,A
2026-07-29,24,16.0,24.195833333333336,32.9,5.736494852120567,False,B
2026-07-30,24,19.0,27.52916666666667,38.0,6.57944620153099,False,C
2026-07-31,24,22.5,29.379166666666666,36.3,4.483203354616046,False,C
2026-08-01,24,23.1,26.90416666666667,30.4,2.2960228688958555,False,B
2026-08-02,24,18.2,23.412499999999998,29.4,4.060768025450575,False,A
2026-08-03,24,20.1,26.566666666666666,34.3,4.753640862462723,False,C
2026-08-04,24,22.4,28.808333333333334,37.5,4.608302211808849,False,C
2026-08-05,24,22.4,29.599999999999998,37.8,5.328267521681762,False,C
2026-08-06,24,25.8,29.691666666666666,33.4,2.627929697072133,False,C
2026-08-07,24,21.0,25.416666666666668,30.2,2.750441334810085,False,B
2026-08-08,24,17.7,22.879166666666666,28.6,3.5051489041950417,False,A
2026-08-09,24,17.0,24.15416666666667,33.3,5.290679184366036,False,C
2026-08-10,24,21.1,27.620833333333334,35.9,5.4317888131024485,False,C
2026-08-11,24,20.6,24.6375,30.6,2.666509279775796,False,B
2026-08-12,24,14.8,21.158333333333335,27.3,3.717399355868896,False,A
2026-08-13,24,14.4,21.525000000000002,29.4,4.904146426638693,False,A
2026-08-14,24,14.8,22.4875,31.4,5.617698159272683,False,B
2026-08-15,24,15.8,24.041666666666668,33.9,6.240813538569181,False,C
2026-08-16,24,18.3,23.541666666666668,29.7,3.554900679425476,False,A
2026-08-17,24,18.8,22.058333333333334,27.1,2.371555473169211,False,A
2026-08-18,24,16.5,19.508333333333333,22.6,1.9921403535910311,False,-
2026-08-19,24,17.2,21.712500000000002,29.1,4.209855156033591,False,A
2026-08-20,24,18.7,23.620833333333334,29.5,3.9902031294775884,False,A
2026-08-21,24,17.9,23.099999999999998,28.8,3.224094075658407,False,A
2026-08-22,24,15.3,18.270833333333332,21.9,2.2903349226632814,False,-
2026-08-23,24,12.8,17.966666666666665,23.1,3.6051492963919483,False,-
2026-08-24,24,11.5,17.575,23.7,3.923978681854958,False,-
2026-08-25,12,16.4,17.091666666666665,18.6,0.7913835219335053,False,-
